# This PCD file was generated using the MATLAB® pcwrite function
# from Computer Vision Toolbox®.
# .PCD v.7 - Point Cloud Data file format
VERSION .7
FIELDS x y z
SIZE 8 8 8
TYPE F F F
COUNT 1 1 1
WIDTH 3085
HEIGHT 1
VIEWPOINT 0 0 0 1 0 0 0
POINTS 3085
DATA ascii
1.634178042411804 3.653247117996216 -0.656928002834320
1.631242036819458 3.660024881362915 -0.653053998947144
1.686036944389343 3.661631107330322 -0.578998029232025
1.671725988388062 3.633732080459595 -0.569575011730194
1.665202021598816 3.629323005676270 -0.563884019851685
1.667557954788208 3.648935079574585 -0.562914013862610
1.510347962379456 3.661247014999390 -0.659309029579163
1.509243011474609 3.671428918838501 -0.657099008560181
1.693176031112671 3.670730113983154 -0.456672012805939
1.677845001220703 3.636754989624023 -0.448504000902176
1.616060018539429 3.655793905258179 -0.510994017124176
1.669818997383118 3.627759933471680 -0.442485004663467
1.608986020088196 3.649238109588623 -0.505122005939484
1.665552020072937 3.630136013031006 -0.437867999076843
1.602352976799011 3.644032001495361 -0.499457985162735
1.666560053825378 3.648662090301514 -0.435175001621246
1.597262024879456 3.640518903732300 -0.495029002428055
1.537727952003479 3.670510053634644 -0.558067977428436
1.671761989593506 3.677093029022217 -0.434597998857498
1.592767953872681 3.642167091369629 -0.490321993827820
1.524855017662048 3.643147945404053 -0.548959016799927
1.591768980026245 3.655255079269409 -0.487139999866486
1.521582961082458 3.645533084869385 -0.545360982418060
1.378443956375122 3.647516012191772 -0.654425024986267
1.373136997222900 3.645610094070435 -0.649119973182678
1.368523001670837 3.646492958068848 -0.644320011138916
1.365146994590759 3.648484945297241 -0.640708029270172
1.688022971153259 3.651784896850586 -0.329135000705719
1.363826990127563 3.662934064865112 -0.638275027275085
1.675562977790833 3.629434108734131 -0.322286993265152
1.670114040374756 3.628159046173096 -0.317346990108490
1.666813969612122 3.630347013473511 -0.313677996397018
1.667999029159546 3.649328947067261 -0.310470998287201
1.475198984146118 3.666718006134033 -0.496116012334824
1.540336012840271 3.673754930496216 -0.433329999446869
1.466928958892822 3.654381036758423 -0.489549010992050
1.525146961212158 3.638369083404541 -0.424297988414764
1.464984059333801 3.665322065353394 -0.486106991767883
1.518599033355713 3.632711887359619 -0.418792992830276
1.516389012336731 3.642158031463623 -0.415028989315033
1.517112016677856 3.661983013153076 -0.412413001060486
1.257388949394226 3.667928934097290 -0.655539989471436
1.575126051902771 3.661391973495483 -0.343701988458633
1.252310037612915 3.666449069976807 -0.650340974330902
1.378260970115662 3.654680013656616 -0.526243984699249
1.566719055175781 3.649929046630859 -0.337794989347458
1.248790979385376 3.672337055206299 -0.646448016166687
1.370025038719177 3.640836000442505 -0.519384980201721
1.563359975814819 3.655298948287964 -0.333456993103027
1.365785002708435 3.643168926239014 -0.514855027198792
1.367100954055786 3.668358087539673 -0.513522982597351
1.231441974639893 3.675894021987915 -0.628342986106873
1.222506046295166 3.650824069976807 -0.620150983333588
1.217758059501648 3.650681972503662 -0.615248024463654
1.541018009185791 3.673818111419678 -0.308017998933792
1.217656016349792 3.673501014709473 -0.614189982414246
1.343577980995178 3.666939020156860 -0.489921003580093
1.525189995765686 3.636183023452759 -0.300081998109818
1.342322945594788 3.677959918975830 -0.487491995096207
1.517696976661682 3.627171993255615 -0.294573992490768
1.514822959899902 3.634202957153320 -0.290374994277954
1.518008947372437 3.659107923507690 -0.288525998592377
1.132859945297241 3.669070005416870 -0.654079973697662
1.446689009666443 3.659322977066040 -0.343436002731323
1.128162026405334 3.668967008590698 -0.649178028106689
1.381562948226929 3.663088083267212 -0.403176009654999
1.439291000366211 3.649761915206909 -0.337747991085052
1.123888015747070 3.671240091323853 -0.644698023796082
1.370792031288147 3.638966083526611 -0.395734012126923
1.437239050865173 3.660427093505859 -0.333934992551804
1.365530967712402 3.637075901031494 -0.390747010707855
1.365066051483154 3.654839992523193 -0.387856006622314
1.556226015090942 3.659020900726318 -0.200707003474236
1.547039031982422 3.644576072692871 -0.195172995328903
1.228137969970703 3.650244951248169 -0.500496983528137
1.542145013809204 3.641290903091431 -0.191210001707077
1.221372008323669 3.640247106552124 -0.494332998991013
1.538409948348999 3.645307064056396 -0.186684995889664
1.217656970024109 3.640475034713745 -0.490532994270325
1.535917997360229 3.653623104095459 -0.182367995381355
1.213425993919373 3.642780065536499 -0.486055999994278
1.527999997138977 3.643228054046631 -0.177122995257378
1.210222959518433 3.650201082229614 -0.482253998517990
1.520145058631897 3.629549980163574 -0.172693997621536
1.208721041679382 3.666203022003174 -0.479557991027832
1.516494989395142 3.633821010589600 -0.168189004063606
1.517889022827148 3.655795097351074 -0.164473995566368
1.070013999938965 3.666656970977783 -0.588662981987000
1.320453047752380 3.660950899124146 -0.342563986778259
1.062996983528137 3.651873111724854 -0.581493973731995
1.314653992652893 3.652370929718018 -0.337958991527557
1.374251961708069 3.648463964462280 -0.273851007223129
1.058382987976074 3.651890039443970 -0.576705992221832
1.312132000923157 3.662195920944214 -0.334105998277664
1.366454958915710 3.636240959167480 -0.268216997385025
1.055474996566772 3.662647962570190 -0.573605000972748
1.364220976829529 3.642752885818481 -0.264921009540558
1.365193963050842 3.666471958160400 -0.261898010969162
1.423081994056702 3.654437065124512 -0.196887999773026
1.414731025695801 3.640806913375854 -0.191455006599426
1.408277034759521 3.634409904479980 -0.186431005597115
1.099272012710571 3.663136005401611 -0.492745012044907
1.222022056579590 3.651370048522949 -0.369103014469147
1.404631972312927 3.635169029235840 -0.182721003890038
1.093171954154968 3.654572010040283 -0.486835986375809
1.216266036033630 3.646219968795776 -0.363855004310608
1.402222037315369 3.644548892974854 -0.178497999906540
1.088217020034790 3.652673959732056 -0.481833010911942
1.213320016860962 3.650237083435059 -0.360473006963730
1.084296941757202 3.656954050064087 -0.477645993232727
1.214151978492737 3.677772045135498 -0.358431011438370
1.083608031272888 3.675180912017822 -0.476209998130798
1.383345007896423 3.661298036575317 -0.156727001070976
1.066118001937866 3.653367996215820 -0.459176987409592
1.192937970161438 3.661246061325073 -0.338845014572144
1.372058987617493 3.635055065155029 -0.150940999388695
1.059208035469055 3.639108896255493 -0.452677011489868
1.188734054565430 3.663799047470093 -0.334356993436813
1.365584015846252 3.628113985061646 -0.146000996232033
1.055554986000061 3.639280080795288 -0.448933988809586
1.361922979354858 3.628715038299561 -0.142305001616478
1.052422046661377 3.648542881011963 -0.445362985134125
1.360939979553223 3.644238948822021 -0.138247996568680
1.303223013877869 3.676353931427002 -0.199147999286652
1.238108992576599 3.676460981369019 -0.258484005928040
1.293558955192566 3.654542922973633 -0.193283006548882
1.226145029067993 3.641450881958008 -0.251349985599518
1.286942005157471 3.646148920059204 -0.188170000910759
0.978214025497437 3.676786899566650 -0.493636012077332
1.220520019531250 3.636912107467651 -0.246372997760773
1.284199953079224 3.650862932205200 -0.184674993157387
0.971804976463318 3.663458108901978 -0.487123996019363
1.215443015098572 3.634994983673096 -0.241585999727249
1.284953951835632 3.675781011581421 -0.181234002113342
0.969168007373810 3.671098947525024 -0.484356999397278
1.210672974586487 3.634553909301758 -0.236901998519897
1.209532022476196 3.647469997406006 -0.234009996056557
1.395899057388306 3.668224096298218 -0.043630998581648
1.385350942611694 3.645267963409424 -0.038720998913050
1.072466015815735 3.651652097702026 -0.342402011156082
1.378618001937866 3.637411117553711 -0.034012999385595
1.066689014434814 3.644545078277588 -0.337072014808655
1.373708963394165 3.632986068725586 -0.030277999117970
1.061820983886719 3.642952919006348 -0.332266002893448
1.367316961288452 3.626351118087769 -0.025616999715567
1.057940006256104 3.641738891601562 -0.328433007001877
1.362854957580566 3.627516031265259 -0.021020000800490
1.053823947906494 3.644813060760498 -0.324054986238480
1.360339999198914 3.636677980422974 -0.016458999365568
1.052994966506958 3.668788909912109 -0.321505010128021
1.364073038101196 3.671725988388062 -0.011961000040174
1.171637058258057 3.659871101379395 -0.194656997919083
1.165109038352966 3.650114059448242 -0.189495995640755
1.223557949066162 3.645124912261963 -0.125856995582581
1.160670995712280 3.651344060897827 -0.184919998049736
1.215540051460266 3.624255895614624 -0.121457003057003
1.159850001335144 3.671971082687378 -0.181300997734070
1.210718035697937 3.623476028442383 -0.116834998130798
1.207373976707458 3.629992961883545 -0.112443998456001
0.901704013347626 3.657881021499634 -0.415188997983932
1.209079027175903 3.661771059036255 -0.108788996934891
0.896754026412964 3.654395103454590 -0.410142987966537
1.271335005760193 3.672791004180908 -0.044939998537302
0.893839001655579 3.668641090393066 -0.407077997922897
1.262771964073181 3.650707960128784 -0.040977001190186
1.255684971809387 3.639656066894531 -0.036251001060009
0.949141025543213 3.665146112442017 -0.339518010616302
1.252632975578308 3.647382020950317 -0.031720001250505
0.944582998752594 3.665328025817871 -0.334886997938156
1.067620992660522 3.659746885299683 -0.213407993316650
1.252470016479492 3.668817996978760 -0.027272999286652
0.942393004894257 3.676920890808105 -0.332217991352081
1.060758948326111 3.645869016647339 -0.207984998822212
1.055780053138733 3.643564939498901 -0.203244999051094
1.051239013671875 3.643984079360962 -0.198661997914314
1.047533988952637 3.643857002258301 -0.194971993565559
1.043575048446655 3.647994041442871 -0.190587997436523
1.039909958839417 3.654088020324707 -0.186295002698898
1.220492005348206 3.641864061355591 -0.001358999987133
1.213225007057190 3.629153013229370 0.003214000025764
0.910610973834991 3.672007083892822 -0.300208985805511
1.207993984222412 3.626341104507446 0.007774000056088
0.903797984123230 3.652950048446655 -0.294045001268387
1.204331040382385 3.631289958953857 0.012351999990642
0.900059998035431 3.652107954025269 -0.290295004844666
1.205832004547119 3.662163972854614 0.017061000689864
0.897989988327026 3.673640012741089 -0.287380009889603
1.144371032714844 3.671891927719116 -0.043299999088049
1.136327028274536 3.653316020965576 -0.038488999009132
1.131575942039490 3.652790069580078 -0.033895000815392
0.824831008911133 3.669893980026245 -0.336708992719650
1.067703962326050 3.651002883911133 -0.092679999768734
1.129538059234619 3.667440891265869 -0.029425000771880
0.820472002029419 3.671814918518066 -0.332269996404648
1.060552000999451 3.635302066802979 -0.087715998291969
1.056519985198975 3.638864040374756 -0.083235003054142
1.056509971618652 3.667834997177124 -0.079296000301838
0.927681982517242 3.654294013977051 -0.196411997079849
0.922740995883942 3.651252985000610 -0.191670998930931
1.230476021766663 3.660526990890503 0.115337997674942
0.919525980949402 3.654822111129761 -0.188195005059242
1.221400022506714 3.639208078384399 0.119223996996880
0.917255997657776 3.666285037994385 -0.185111999511719
1.215499043464661 3.628617048263550 0.122511997818947
0.910562992095947 3.648571014404297 -0.179649993777275
1.211398005485535 3.626776933670044 0.126081004738808
0.905116975307465 3.641030073165894 -0.174722999334335
1.205844998359680 3.622322082519531 0.130457997322083
0.902316987514496 3.648170948028564 -0.171415001153946
1.201714992523193 3.624897003173828 0.135085001587868
0.900903999805450 3.675260066986084 -0.168093994259834
1.201109051704407 3.645185947418213 0.140398994088173
1.017102956771851 3.658216953277588 -0.041535001248121
1.076493978500366 3.662195920944214 0.021984999999404
1.010965943336487 3.647839069366455 -0.036860000342131
1.067219018936157 3.633759975433350 0.026353999972343
1.007271051406860 3.654028892517090 -0.032359998673201
1.062808036804199 3.629264116287231 0.029946999624372
1.059630036354065 3.638084888458252 0.034561000764370
0.757333993911743 3.676184892654419 -0.268274009227753
1.060150027275085 3.670234918594360 0.039446998387575
0.750805974006653 3.649774074554443 -0.261801004409790
0.745916008949280 3.644520998001099 -0.256886988878250
0.806894004344940 3.665224075317383 -0.195886000990868
0.742157995700836 3.654567956924438 -0.253048002719879
1.109691977500916 3.668603897094727 0.112600997090340
0.802146971225739 3.662913084030151 -0.191203996539116
1.102239012718201 3.646954059600830 0.115575000643730
0.798404991626740 3.671937942504883 -0.187107995152473
0.918780028820038 3.654761075973511 -0.065458998084068
1.096557021141052 3.640808105468750 0.119919002056122
0.912823021411896 3.643244981765747 -0.060717999935150
1.092311978340149 3.643040895462036 0.124531999230385
0.908002018928528 3.641022920608521 -0.056150998920202
1.089970946311951 3.656620025634766 0.129552006721497
0.903711020946503 3.643249034881592 -0.051654998213053
0.899707973003387 3.647986888885498 -0.047187998890877
0.896763026714325 3.654074907302856 -0.043634001165628
1.076797008514404 3.655486106872559 0.142256006598473
0.892080008983612 3.653052091598511 -0.039083998650312
1.068359971046448 3.632205963134766 0.145870000123978
0.888381004333496 3.660712003707886 -0.034621000289917
1.062852978706360 3.626629114151001 0.150159001350403
1.059445977210999 3.628293037414551 0.153837993741035
0.757902026176453 3.653647899627686 -0.147183001041412
1.057121992111206 3.642502069473267 0.158969998359680
0.752506017684937 3.642143964767456 -0.142210006713867
0.748875021934509 3.641774892807007 -0.138588994741440
0.744852006435394 3.648271083831787 -0.134323000907898
0.922073006629944 3.640747070312500 0.050195999443531
0.742009997367859 3.671227931976318 -0.130628004670143
0.984910011291504 3.668859004974365 0.113388001918793
0.916540980339050 3.632780075073242 0.054591000080109
0.977481007575989 3.648458957672119 0.117285996675491
0.912855982780457 3.632421970367432 0.058187998831272
0.972277998924255 3.643980026245117 0.121662996709347
0.909142017364502 3.639441013336182 0.062809996306896
0.969956994056702 3.660727024078369 0.126763001084328
0.907003998756409 3.659946918487549 0.067699000239372
0.776997029781342 3.658562898635864 -0.045554999262094
0.771337985992432 3.644814968109131 -0.040881998836994
1.071812987327576 3.638530015945435 0.265248000621796
0.766605019569397 3.642188072204590 -0.036355998367071
1.064982056617737 3.624902963638306 0.268756985664368
0.762619972229004 3.637522935867310 -0.032717999070883
1.060266017913818 3.624145030975342 0.273202985525131
0.758078992366791 3.637171983718872 -0.028227999806404
1.056813955307007 3.631259918212891 0.278248995542526
0.753112018108368 3.631241083145142 -0.023702999576926
1.054224014282227 3.638098001480103 0.282386988401413
0.748709022998810 3.632581949234009 -0.019232999533415
0.929373025894165 3.652585983276367 0.165402993559837
1.049182057380676 3.635348081588745 0.286686986684799
0.746407985687256 3.650124073028564 -0.015727000311017
0.922847986221313 3.629440069198608 0.167949005961418
1.044196009635925 3.632894039154053 0.291002988815308
0.743175983428955 3.667848110198975 -0.011282999999821
0.918399989604950 3.630323886871338 0.172482997179031
1.041139960289001 3.642817020416260 0.296319991350174
0.858857989311218 3.663750886917114 0.115810997784138
0.914542973041534 3.636117935180664 0.177257999777794
0.853601992130280 3.648402929306030 0.118932001292706
0.913146018981934 3.662587881088257 0.183079004287720
0.849285006523132 3.650778055191040 0.123517997562885
0.846126019954681 3.664638996124268 0.128511995077133
0.766165018081665 3.661560058593750 0.086658999323845
0.760311007499695 3.644989967346191 0.090755000710487
0.756672978401184 3.644869089126587 0.094341002404690
0.934794008731842 3.649055957794189 0.280544996261597
0.752669990062714 3.651870012283325 0.099017001688480
0.928322970867157 3.633971929550171 0.283883988857269
0.748354017734528 3.654930114746094 0.103597998619080
0.923252999782562 3.629930019378662 0.288060992956161
0.744300007820129 3.661638975143433 0.108292996883392
0.919620990753174 3.630088090896606 0.291667997837067
0.740083992481232 3.666351079940796 0.112943001091480
0.916644990444183 3.643187046051025 0.297230005264282
0.736976027488708 3.673938035964966 0.116791002452374
0.771156013011932 3.654380083084106 0.201146006584167
0.765070974826813 3.635289907455444 0.204573005437851
0.760850012302399 3.639319896697998 0.209280997514725
0.757511019706726 3.654886960983276 0.214675992727280
0.813081026077271 3.672427892684937 0.283376008272171
0.806298971176147 3.648370981216431 0.286022007465363
0.802314996719360 3.644692897796631 0.289332002401352
0.798902988433838 3.657692909240723 0.294878005981445
1.703035950660706 3.672418117523193 -0.572100996971130
1.682903051376343 3.627584934234619 -0.560166001319885
1.675987005233765 3.619127035140991 -0.554911971092224
1.675415039062500 3.632888078689575 -0.552075028419495
1.682086944580078 3.668765068054199 -0.552536010742188
1.677055954933167 3.662899971008301 -0.548666000366211
1.672534942626953 3.664870977401733 -0.543986022472382
1.526214003562927 3.631773948669434 -0.658308982849121
1.523146033287048 3.638495922088623 -0.654555022716522
1.528985977172852 3.676337003707886 -0.656345009803772
1.648197054862976 3.650074005126953 -0.523010015487671
1.638036012649536 3.634316921234131 -0.515846014022827
1.632781982421875 3.633800983428955 -0.510872006416321
1.707051038742065 3.664946079254150 -0.450884997844696
1.628837943077087 3.634191036224365 -0.507009983062744
1.688068985939026 3.623708963394165 -0.440953999757767
1.624706983566284 3.637195110321045 -0.502533972263336
1.678540945053101 3.610467910766602 -0.434507012367249
1.621199011802673 3.642184972763062 -0.498328000307083
1.674504995346069 3.610574007034302 -0.430655002593994
1.623008012771606 3.664171934127808 -0.496416002511978
1.676998019218445 3.633481025695801 -0.428530991077423
1.683238983154297 3.667942047119141 -0.427697986364365
1.541903018951416 3.649720907211304 -0.545304000377655
1.676870942115784 3.664239883422852 -0.422378987073898
1.532628059387207 3.635103940963745 -0.538236021995544
1.670323967933655 3.656799077987671 -0.417623013257980
1.529523015022278 3.641635894775391 -0.534317016601562
1.399279952049255 3.655360937118530 -0.655221998691559
1.534497022628784 3.672749996185303 -0.534943997859955
1.400228977203369 3.678688049316406 -0.654440999031067
1.380488991737366 3.654846906661987 -0.636424005031586
1.695132970809937 3.631298065185547 -0.321819990873337
1.372884988784790 3.643870115280151 -0.629617989063263
1.683364987373352 3.611383914947510 -0.315297991037369
1.369788050651550 3.647165060043335 -0.626272022724152
1.504029989242554 3.668081998825073 -0.505849003791809
1.678931951522827 3.613302946090698 -0.310710012912750
1.372468948364258 3.678158044815063 -0.626663982868195
1.494232058525085 3.650907993316650 -0.498622000217438
1.681043028831482 3.631871938705444 -0.308486014604568
1.490116953849792 3.654006004333496 -0.494188010692596
1.688845992088318 3.670861959457397 -0.306975007057190
1.551473021507263 3.665683984756470 -0.427296996116638
1.614878058433533 3.668668031692505 -0.362632006406784
1.535338997840881 3.627698898315430 -0.418076008558273
1.599889039993286 3.636635065078735 -0.354680985212326
1.526978969573975 3.616059064865112 -0.411962002515793
1.673352003097534 3.670577049255371 -0.292510986328125
1.592133045196533 3.624526977539062 -0.349687993526459
1.522127032279968 3.616408109664917 -0.407232999801636
1.669541001319885 3.671458005905151 -0.288735985755920
1.589172959327698 3.631208896636963 -0.345564007759094
1.273165941238403 3.659388065338135 -0.654325008392334
1.519016981124878 3.622790098190308 -0.403178989887238
1.593711018562317 3.662478923797607 -0.343733996152878
1.268337965011597 3.659360885620117 -0.649438977241516
1.523064017295837 3.650688886642456 -0.402440994977951
1.657328963279724 3.665323019027710 -0.278670012950897
1.265895009040833 3.670383930206299 -0.646504998207092
1.394348978996277 3.672769069671631 -0.523532986640930
1.652379989624023 3.665792942047119 -0.273919999599457
1.705549001693726 3.633033990859985 -0.207158997654915
1.380555033683777 3.633219003677368 -0.514051020145416
1.698585987091064 3.627495050430298 -0.202130004763603
1.373365998268127 3.623842000961304 -0.507937014102936
1.692471027374268 3.624414920806885 -0.197253003716469
1.369240999221802 3.626771926879883 -0.503561019897461
1.691038012504578 3.632255077362061 -0.193911001086235
1.367866992950439 3.640935897827148 -0.500728011131287
1.691799044609070 3.649766921997070 -0.190115004777908
1.366773009300232 3.652386903762817 -0.498454004526138
1.239426016807556 3.677530050277710 -0.619451999664307
1.361307978630066 3.649955034255981 -0.493317991495132
1.230013966560364 3.650650024414062 -0.611061990261078
1.359606027603149 3.663058042526245 -0.490274012088776
1.549384951591492 3.658910989761353 -0.302296012639999
1.223762989044189 3.643485069274902 -0.605049014091492
1.532258987426758 3.617435932159424 -0.294164001941681
1.220662951469421 3.651639938354492 -0.601583003997803
1.479436039924622 3.665468931198120 -0.357991993427277
1.525833010673523 3.612334966659546 -0.289056003093719
1.467759013175964 3.640841960906982 -0.350843012332916
1.524613022804260 3.621740102767944 -0.286045998334885
1.459748983383179 3.629471063613892 -0.345023006200790
1.527230978012085 3.647942066192627 -0.283383011817932
1.457051992416382 3.634012937545776 -0.341672986745834
1.460049986839294 3.663409948348999 -0.339675992727280
1.587344050407410 3.658468008041382 -0.214495003223419
1.574051022529602 3.631139993667603 -0.208206996321678
1.385064005851746 3.647819995880127 -0.392659991979599
1.568779945373535 3.626868963241577 -0.204219996929169
1.375975012779236 3.630831003189087 -0.386108994483948
1.566355943679810 3.635349988937378 -0.200012996792793
1.371963977813721 3.630287885665894 -0.382277995347977
1.567978024482727 3.657429933547974 -0.196519002318382
1.371700048446655 3.648921012878418 -0.379503011703491
1.239783048629761 3.644356966018677 -0.496695011854172
1.232961058616638 3.634531021118164 -0.490621000528336
1.227854013442993 3.632838010787964 -0.485662996768951
1.544754981994629 3.642990112304688 -0.177952006459236
1.223736047744751 3.635911941528320 -0.481346011161804
1.533115983009338 3.620151042938232 -0.172193005681038
1.219851970672607 3.640152931213379 -0.477178990840912
1.527408957481384 3.617476940155029 -0.167429000139236
1.217336058616638 3.646477937698364 -0.474220991134644
1.347316980361938 3.664761066436768 -0.353637993335724
1.530035972595215 3.640125989913940 -0.164747998118401
1.338574051856995 3.648365974426270 -0.347348004579544
1.333415985107422 3.642895936965942 -0.343068987131119
1.331740021705627 3.656343936920166 -0.339623987674713
1.393455982208252 3.660552978515625 -0.276062995195389
1.456841945648193 3.669118881225586 -0.212228000164032
1.379590988159180 3.624563932418823 -0.268696010112762
1.443215966224670 3.632800102233887 -0.206406995654106
1.372593998908997 3.615839004516602 -0.263411998748779
1.437191009521484 3.628483057022095 -0.201519995927811
1.370336055755615 3.626199007034302 -0.259519010782242
1.433447003364563 3.632750034332275 -0.197114005684853
1.373062968254089 3.652997970581055 -0.257694989442825
1.429059028625488 3.634593009948730 -0.192571997642517
1.428028941154480 3.649297952651978 -0.188693001866341
1.113940000534058 3.664344072341919 -0.493795990943909
1.559056997299194 3.673696994781494 -0.060463998466730
1.108466982841492 3.654541015625000 -0.488707005977631
1.232112050056458 3.649538040161133 -0.366254001855850
1.541988015174866 3.632582902908325 -0.055179998278618
1.102471947669983 3.647018909454346 -0.483004987239838
1.223680019378662 3.631763935089111 -0.359813004732132
1.535701036453247 3.624588966369629 -0.051382001489401
1.097622990608215 3.646086931228638 -0.478190988302231
1.218693971633911 3.630573987960815 -0.355044007301331
1.530856966972351 3.624845027923584 -0.046792998909950
1.093541979789734 3.649650096893311 -0.473966985940933
1.216948986053467 3.640609979629517 -0.352295994758606
1.527894020080566 3.631578922271729 -0.042282000184059
1.093134999275208 3.675101041793823 -0.472553014755249
1.214450001716614 3.651712894439697 -0.348699003458023
1.530114054679871 3.656318902969360 -0.037943001836538
1.208470940589905 3.645652055740356 -0.343459993600845
1.203400015830994 3.644037961959839 -0.338652998209000
1.390287041664124 3.646493911743164 -0.153289005160332
1.202471017837524 3.663247108459473 -0.335763007402420
1.378512024879456 3.618769884109497 -0.147533997893333
1.070073962211609 3.643568038940430 -0.450756013393402
1.373751997947693 3.615113973617554 -0.143719002604485
1.062873005867004 3.627927064895630 -0.444182008504868
1.316866993904114 3.652734994888306 -0.203668996691704
1.371806025505066 3.626672983169556 -0.139584004878998
1.060176968574524 3.634259939193726 -0.441242009401321
1.308015942573547 3.635128021240234 -0.198074996471405
1.374986052513123 3.659190893173218 -0.136203005909920
1.057183027267456 3.644633054733276 -0.437848001718521
1.304589033126831 3.636908054351807 -0.194482997059822
1.056854009628296 3.671974897384644 -0.436448991298676
1.304486036300659 3.657576084136963 -0.190953999757767
1.238186001777649 3.673434972763062 -0.246425002813339
1.423414945602417 3.663779020309448 -0.058789998292923
1.226734995841980 3.636600971221924 -0.240268006920815
1.412139058113098 3.638967990875244 -0.053805999457836
1.220209956169128 3.627933025360107 -0.235100999474525
1.404549956321716 3.628278017044067 -0.049077998846769
1.217432975769043 3.637506008148193 -0.231117993593216
1.401821970939636 3.636533021926880 -0.044613000005484
1.216781020164490 3.662369966506958 -0.227140992879868
1.402991056442261 3.660228013992310 -0.040298998355865
1.089117050170898 3.669832944869995 -0.345573991537094
1.400298953056335 3.668853998184204 -0.035781998187304
1.081181049346924 3.650403022766113 -0.339121997356415
1.386113047599792 3.631742954254150 -0.030857000499964
1.076668977737427 3.645766019821167 -0.335000991821289
1.378093004226685 3.618927001953125 -0.026203999295831
1.072088956832886 3.646337985992432 -0.330442994832993
1.373867988586426 3.617387056350708 -0.022560000419617
1.065729022026062 3.635952949523926 -0.324907988309860
1.194833040237427 3.667042016983032 -0.205221995711327
1.371603012084961 3.627631902694702 -0.018074000254273
1.060850024223328 3.634578943252563 -0.320196002721786
1.187569022178650 3.649349927902222 -0.200554996728897
1.374590992927551 3.659343004226685 -0.013643999584019
1.057340025901794 3.641724109649658 -0.316231012344360
1.181692004203796 3.643466949462891 -0.195646002888680
1.058069944381714 3.669784069061279 -0.314965993165970
1.177821993827820 3.647912025451660 -0.191295996308327
1.235926985740662 3.641500949859619 -0.127671003341675
1.176192998886108 3.664112091064453 -0.187539994716644
1.226490020751953 3.618937969207764 -0.122339002788067
1.221040010452271 3.615391016006470 -0.117683999240398
1.293455958366394 3.670370101928711 -0.056237000972033
1.218418955802917 3.620989084243774 -0.114234998822212
1.281839966773987 3.639689922332764 -0.051210999488831
1.217141985893250 3.637850046157837 -0.110209003090858
1.273504018783569 3.623512029647827 -0.046450000256300
1.269914984703064 3.624465942382812 -0.042837001383305
1.269132018089294 3.642640113830566 -0.038499001413584
1.397809982299805 3.656116008758545 0.085983000695705
0.962669014930725 3.673515081405640 -0.342779010534286
1.387832045555115 3.635684013366699 0.090034998953342
0.955735027790070 3.656171083450317 -0.336573988199234
1.382715940475464 3.630634069442749 0.093528002500534
0.951315999031067 3.657788038253784 -0.332138001918793
1.071696996688843 3.644506931304932 -0.209773004055023
1.378895044326782 3.634605884552002 0.098157003521919
0.949222028255463 3.677453994750977 -0.329315990209579
1.064813017845154 3.625169038772583 -0.205032005906105
1.374981045722961 3.638226985931396 0.102784000337124
1.059424042701721 3.620563030242920 -0.200246006250381
1.371198058128357 3.642406940460205 0.107435002923012
1.055583000183105 3.625534057617188 -0.195990994572639
1.368165969848633 3.649688005447388 0.112189002335072
1.051130056381226 3.626719951629639 -0.191526994109154
1.242552042007446 3.670280933380127 -0.007660999894142
1.047857999801636 3.635410070419312 -0.187450006604195
1.230393052101135 3.634794950485229 -0.003062000032514
1.048076987266541 3.666565895080566 -0.184484004974365
1.222882032394409 3.621352910995483 0.001455000019632
1.218515038490295 3.618459939956665 0.005053999833763
1.215265989303589 3.625616073608398 0.009571000002325
0.911725997924805 3.659240961074829 -0.292950004339218
1.155382037162781 3.650887012481689 -0.048652000725269
1.216645002365112 3.655657052993774 0.014193000271916
0.905259013175964 3.643579959869385 -0.287158995866776
1.148609042167664 3.634711980819702 -0.044821999967098
0.901189982891083 3.648093938827515 -0.282974988222122
1.144026994705200 3.635332107543945 -0.040313001722097
0.898974001407623 3.668732881546021 -0.280012011528015
1.142688035964966 3.653693914413452 -0.035980001091957
1.073320984840393 3.647418022155762 -0.090145997703075
1.067522048950195 3.634802103042603 -0.086226001381874
1.257390975952148 3.673562049865723 0.100708998739719
1.063552975654602 3.639070987701416 -0.081813998520374
1.246417045593262 3.644349098205566 0.104422003030777
0.940450012683868 3.662988901138306 -0.199939996004105
1.063941001892090 3.670555114746094 -0.077970996499062
1.239317059516907 3.633183956146240 0.108599998056889
0.933118999004364 3.641590118408203 -0.194258004426956
1.234915971755981 3.630248069763184 0.112107001245022
0.928632020950317 3.642582893371582 -0.189798995852470
1.228526949882507 3.622265100479126 0.116342000663280
0.925464987754822 3.654292106628418 -0.185883998870850
1.223598003387451 3.621226072311401 0.120788000524044
0.923289000988007 3.674359083175659 -0.182357996702194
1.218003034591675 3.616924047470093 0.125116005539894
0.916716992855072 3.650768995285034 -0.177575007081032
1.213402986526489 3.617429018020630 0.129604995250702
0.910484015941620 3.637271881103516 -0.172422006726265
1.213035941123962 3.634145021438599 0.133796006441116
0.905955016613007 3.637862920761108 -0.167955994606018
1.031121969223022 3.664738893508911 -0.047015000134706
0.903424024581909 3.655495882034302 -0.164256006479263
1.024857997894287 3.648032903671265 -0.043196998536587
1.082793951034546 3.644335985183716 0.020053999498487
1.020053982734680 3.647066116333008 -0.038683000952005
1.074205040931702 3.620709896087646 0.024392999708652
1.018509984016418 3.668073892593384 -0.034379001706839
1.069023013114929 3.617454051971436 0.028835000470281
1.065816044807434 3.626251935958862 0.033376999199390
1.066176056861877 3.657253026962280 0.038171000778675
1.127315998077393 3.664213895797729 0.101271003484726
1.119066953659058 3.644253969192505 0.105210997164249
1.112285017967224 3.632350921630859 0.109342001378536
0.809655010700226 3.660830020904541 -0.192524001002312
1.107642054557800 3.632549047470093 0.113821998238564
0.804776012897491 3.657666921615601 -0.187861993908882
0.926876008510590 3.660073995590210 -0.067267000675201
1.104472041130066 3.635838985443115 0.117507003247738
1.230237960815430 3.648622989654541 0.242162004113197
0.800840973854065 3.665021896362305 -0.183736994862556
0.918801009654999 3.631947994232178 -0.062284000217915
1.102607965469360 3.652215003967285 0.122532002627850
1.224056959152222 3.641633987426758 0.246184006333351
0.912985026836395 3.621907949447632 -0.057659998536110
1.220602989196777 3.647881984710693 0.251098006963730
0.908526003360748 3.622984886169434 -0.053226001560688
0.904500007629395 3.627734899520874 -0.048840999603271
1.091601967811584 3.670552968978882 0.136693000793457
0.900876998901367 3.628169059753418 -0.045283999294043
1.082465052604675 3.638422966003418 0.139074996113777
0.896874010562897 3.633250951766968 -0.040888998657465
1.075330018997192 3.623568058013916 0.142960995435715
0.892867028713226 3.638401031494141 -0.036483999341726
1.069614052772522 3.617093086242676 0.147150993347168
0.890289008617401 3.656232118606567 -0.032179001718760
1.066488981246948 3.626398086547852 0.151984006166458
1.195799946784973 3.656508922576904 0.276890009641647
0.887143015861511 3.669399976730347 -0.027798000723124
1.067337036132812 3.660388946533203 0.157903999090195
1.189862966537476 3.650382041931152 0.280916005373001
0.761096000671387 3.662074089050293 -0.144994005560875
1.187474012374878 3.662400960922241 0.286343991756439
0.754851996898651 3.640532970428467 -0.139689996838570
0.751011013984680 3.637985944747925 -0.136035993695259
0.995535016059875 3.667025089263916 0.107690997421741
0.932237029075623 3.657788038253784 0.047543000429869
0.746421992778778 3.637553930282593 -0.131576001644135
0.987922012805939 3.639563083648682 0.110454000532627
0.924086987972260 3.629456996917725 0.051619999110699
0.743001997470856 3.653036117553711 -0.127674996852875
0.982464015483856 3.633723974227905 0.114730000495911
0.919137001037598 3.626656055450439 0.056021001189947
0.978883981704712 3.641330957412720 0.119433000683784
0.915132999420166 3.631597042083740 0.060541998594999
0.977621972560883 3.665985107421875 0.124732002615929
0.912083029747009 3.644593954086304 0.065218999981880
1.081632018089294 3.634336948394775 0.259021013975143
0.778789997100830 3.652172088623047 -0.043157998472452
1.074520945549011 3.619595050811768 0.262409001588821
0.773819983005524 3.636396884918213 -0.039425000548363
1.069430947303772 3.616909980773926 0.266649991273880
0.769037008285522 3.633774995803833 -0.034967001527548
1.065801978111267 3.617435932159424 0.270236998796463
0.764301002025604 3.631648063659668 -0.030522000044584
1.061622977256775 3.620306015014648 0.274890005588531
0.759626984596252 3.630249977111816 -0.026087999343872
0.943042993545532 3.673053979873657 0.159131005406380
1.057677984237671 3.624664068222046 0.279664009809494
0.754625976085663 3.624556064605713 -0.021633999422193
0.933045983314514 3.630851984024048 0.161741003394127
1.053163051605225 3.625511884689331 0.284173011779785
0.751177012920380 3.627111911773682 -0.018116999417543
0.926433980464935 3.614885091781616 0.165447995066643
1.051121950149536 3.642004966735840 0.289927989244461
0.747582972049713 3.639976978302002 -0.013752000406384
0.922182977199554 3.617683887481689 0.169997006654739
0.744215011596680 3.656339883804321 -0.009366000071168
0.864582002162933 3.658365964889526 0.112837001681328
0.919691026210785 3.634918928146362 0.175246998667717
0.740967988967896 3.674954891204834 -0.004943999927491
0.859856009483337 3.648704051971436 0.116098999977112
0.919687986373901 3.665364980697632 0.180296003818512
0.855558991432190 3.651797056198120 0.120650999248028
0.852608025074005 3.668045043945312 0.125660002231598
0.772135019302368 3.656364917755127 0.082057997584343
0.766372025012970 3.630497932434082 0.085009001195431
0.946301996707916 3.643487930297852 0.270505011081696
0.761283993721008 3.624020099639893 0.089262001216412
0.938979983329773 3.622572898864746 0.273378998041153
0.757593989372253 3.635322093963623 0.093957997858524
0.933924019336700 3.619108915328979 0.277539998292923
0.753682971000671 3.644083976745605 0.098612003028393
0.929419994354248 3.619962930679321 0.282027989625931
0.749396979808807 3.648163080215454 0.103152997791767
0.926065981388092 3.630079984664917 0.287250995635986
0.745805978775024 3.649347066879272 0.106732003390789
0.742039978504181 3.660767078399658 0.111510999500751
0.738197028636932 3.671514987945557 0.116295002400875
0.777952015399933 3.663007974624634 0.196823000907898
0.772095978260040 3.636683940887451 0.198945000767708
0.767364978790283 3.635023117065430 0.203271999955177
0.763754010200500 3.647461891174316 0.208400994539261
0.817121982574463 3.653237104415894 0.276807010173798
0.811174988746643 3.639015913009644 0.280162006616592
0.806496977806091 3.638319015502930 0.284539014101028
0.803610980510712 3.647254943847656 0.288791000843048
0.801024019718170 3.670197010040283 0.295076012611389
0.796181023120880 3.668034076690674 0.299369007349014
1.680619001388550 3.626019954681396 -0.657464027404785
1.675269007682800 3.625307083129883 -0.652279019355774
1.670150995254517 3.625274896621704 -0.647225022315979
1.667078018188477 3.631449937820435 -0.643276989459991
1.667379021644592 3.647984027862549 -0.641138017177582
1.557083010673523 3.652609109878540 -0.658268988132477
1.686166048049927 3.643445968627930 -0.533195018768311
1.558877944946289 3.672297954559326 -0.657769024372101
1.675219058990479 3.625822067260742 -0.525662004947662
1.667963027954102 3.619229078292847 -0.519767999649048
1.662680029869080 3.618571996688843 -0.514741003513336
1.658792972564697 3.619067907333374 -0.510869979858398
1.532608985900879 3.651124954223633 -0.633907973766327
1.655575990676880 3.624718904495239 -0.506736993789673
1.527459025382996 3.647119045257568 -0.629215002059937
1.651954054832458 3.629148006439209 -0.502426028251648
1.528805017471313 3.669147968292236 -0.627994000911713
1.648012995719910 3.632610082626343 -0.497974991798401
1.644088029861450 3.636136054992676 -0.493530005216599
1.644927978515625 3.651385068893433 -0.491643011569977
1.643327951431274 3.678281068801880 -0.485318005084991
1.431488037109375 3.651700019836426 -0.659759998321533
1.688745021820068 3.639539003372192 -0.410389006137848
1.428951978683472 3.660792112350464 -0.656410992145538
1.676839947700500 3.619009017944336 -0.403216987848282
1.671888947486877 3.619321107864380 -0.398398995399475
1.554247975349426 3.675703048706055 -0.525304019451141
1.676041007041931 3.644175052642822 -0.397229999303818
1.539540052413940 3.642561912536621 -0.515654981136322
1.531631946563721 3.629060029983521 -0.509832024574280
1.525634050369263 3.625441074371338 -0.504444003105164
1.521116018295288 3.626900911331177 -0.499769985675812
1.516425967216492 3.627754926681519 -0.495014995336533
1.512032032012939 3.629640102386475 -0.490402996540070
1.507485985755920 3.627525091171265 -0.486227005720139
1.504421949386597 3.634084939956665 -0.482239991426468
1.646754026412964 3.676093101501465 -0.362468004226685
1.375264048576355 3.649339914321899 -0.602948009967804
1.503003954887390 3.646533012390137 -0.479014009237289
1.632918953895569 3.648504972457886 -0.354903012514114
1.704118967056274 3.670481920242310 -0.292362987995148
1.368504047393799 3.641551017761230 -0.596759974956512
1.501871943473816 3.660099029541016 -0.475905001163483
1.624598979949951 3.634934902191162 -0.349725008010864
1.306820034980774 3.660161018371582 -0.658743977546692
1.685791969299316 3.630852937698364 -0.284408986568451
1.367635965347290 3.657808065414429 -0.594506978988647
1.619675040245056 3.635217905044556 -0.344933003187180
1.301555037498474 3.658155918121338 -0.653451025485992
1.676931023597717 3.619381904602051 -0.278732985258102
1.621981024742126 3.658545017242432 -0.342301994562149
1.296414017677307 3.656661987304688 -0.648259997367859
1.675910949707031 3.628459930419922 -0.275604009628296
1.294013023376465 3.663098096847534 -0.645458996295929
1.678130984306335 3.650480985641479 -0.272466003894806
1.679569005966187 3.670289993286133 -0.269111990928650
1.541000008583069 3.659883022308350 -0.388933986425400
1.673236012458801 3.666472911834717 -0.264008998870850
1.526155948638916 3.625833034515381 -0.380517005920410
1.668360948562622 3.667084932327271 -0.259234011173248
1.406926989555359 3.676223039627075 -0.505264997482300
1.519467949867249 3.619710922241211 -0.375088006258011
1.395563006401062 3.650572061538696 -0.496885985136032
1.518182039260864 3.632328033447266 -0.371596992015839
1.388785004615784 3.642916917800903 -0.491003990173340
1.524240016937256 3.670737028121948 -0.370682001113892
1.383574962615967 3.641443014144897 -0.485974013805389
1.377696990966797 3.637248992919922 -0.480592012405396
1.373111009597778 3.634316921234131 -0.476354002952576
1.510110974311829 3.666413068771362 -0.357686012983322
1.369132995605469 3.633821964263916 -0.472440987825394
1.498129010200500 3.641386985778809 -0.350454986095428
1.367251992225647 3.645812988281250 -0.469179987907410
1.491039037704468 3.633595943450928 -0.344931006431580
1.177901983261108 3.666346073150635 -0.653259992599487
1.367002010345459 3.664618968963623 -0.466758996248245
1.487431049346924 3.638227939605713 -0.340593993663788
1.173715949058533 3.669174909591675 -0.648877978324890
1.487915039062500 3.657663106918335 -0.337615996599197
1.229011058807373 3.658546924591064 -0.579217016696930
1.221272945404053 3.643950939178467 -0.572079002857208
1.603682994842529 3.643863916397095 -0.203289002180099
1.535639047622681 3.639971017837524 -0.263089001178741
1.216743946075439 3.644921064376831 -0.567408025264740
1.594990968704224 3.631822109222412 -0.197894006967545
1.525429010391235 3.621761083602905 -0.257050007581711
1.216187000274658 3.665525913238525 -0.565769970417023
1.592957973480225 3.641350030899048 -0.193681001663208
1.519891023635864 3.619549036026001 -0.252177000045776
1.598305940628052 3.671817064285278 -0.191486999392509
1.270977973937988 3.660425901412964 -0.496641993522644
1.521249055862427 3.641298055648804 -0.248952001333237
1.264924049377441 3.650110006332397 -0.491402000188828
1.260241031646729 3.650466918945312 -0.486653000116348
1.256077051162720 3.653235912322998 -0.482226014137268
1.378440976142883 3.636610031127930 -0.357647001743317
1.254742026329041 3.669337034225464 -0.479539006948471
1.369922041893005 3.621619939804077 -0.351447999477386
1.367560982704163 3.627603054046631 -0.348244994878769
1.364588975906372 3.635056972503662 -0.344226002693176
1.361057043075562 3.640275001525879 -0.339982986450195
1.362099051475525 3.664431095123291 -0.337473005056381
1.232172012329102 3.670862913131714 -0.456692010164261
1.482849955558777 3.654853105545044 -0.209121003746986
1.221402049064636 3.641537904739380 -0.448293000459671
1.472666025161743 3.635586023330688 -0.203321993350983
1.540328979492188 3.657438039779663 -0.139673992991447
1.215402007102966 3.635246992111206 -0.442781001329422
1.466753005981445 3.631757020950317 -0.198420003056526
1.528197050094604 3.629231929779053 -0.134858995676041
1.211765050888062 3.640536069869995 -0.438684999942780
1.462795019149780 3.635065078735352 -0.193911999464035
1.521473050117493 3.622894048690796 -0.129963994026184
1.210234999656677 3.651653051376343 -0.436224013566971
1.460783958435059 3.645595073699951 -0.189775004982948
1.150558948516846 3.678678035736084 -0.498304009437561
1.521821975708008 3.641077041625977 -0.125936001539230
1.141808986663818 3.656568050384521 -0.490547001361847
1.136508941650391 3.653181076049805 -0.485339999198914
1.132513046264648 3.656985998153687 -0.481090992689133
1.383213996887207 3.652405023574829 -0.236522004008293
1.070170044898987 3.672981023788452 -0.542262017726898
1.129312992095947 3.665281057357788 -0.477423012256622
1.371901988983154 3.626180887222290 -0.230153992772102
1.061776995658875 3.649789094924927 -0.534089982509613
1.366683006286621 3.624423980712891 -0.225379005074501
1.057083964347839 3.649400949478149 -0.529290974140167
1.245517015457153 3.662416934967041 -0.346033006906509
1.364351034164429 3.634432077407837 -0.221328005194664
1.054290056228638 3.660995006561279 -0.526219010353088
1.240483999252319 3.661082029342651 -0.341183006763458
1.369508028030396 3.671329021453857 -0.219800993800163
1.236753940582275 3.665981054306030 -0.336914002895355
1.235214948654175 3.676927089691162 -0.334129989147186
1.227172017097473 3.660964012145996 -0.327966988086700
1.218701004981995 3.642688035964966 -0.321644008159637
1.346091985702515 3.654160976409912 -0.200023993849754
1.212272047996521 3.634228944778442 -0.316226005554199
1.337239980697632 3.637068033218384 -0.194432005286217
1.208394050598145 3.638305902481079 -0.311908006668091
1.334983944892883 3.643688917160034 -0.191055998206139
1.210211038589478 3.670849084854126 -0.309987008571625
1.336462974548340 3.670351982116699 -0.187759995460510
1.020167946815491 3.668298006057739 -0.491212993860245
1.014989018440247 3.664582014083862 -0.485994011163712
1.383422970771790 3.653532981872559 -0.113435998558998
1.444658041000366 3.651113033294678 -0.049761001020670
1.370743989944458 3.621737957000732 -0.107836998999119
1.064106941223145 3.649215936660767 -0.412223011255264
1.433946013450623 3.628917932510376 -0.044845998287201
1.365615010261536 3.620280981063843 -0.103185996413231
1.057654976844788 3.637865066528320 -0.406275004148483
1.431465029716492 3.637785911560059 -0.040334999561310
1.121677994728088 3.665968894958496 -0.346199989318848
1.363073945045471 3.625469923019409 -0.099645003676414
1.053364992141724 3.639916896820068 -0.401838988065720
1.432183980941772 3.658967018127441 -0.035925000905991
1.114542007446289 3.651973009109497 -0.340207010507584
1.364915013313293 3.652599096298218 -0.095747001469135
1.052207946777344 3.661870002746582 -0.399572998285294
1.109653949737549 3.650681018829346 -0.335420012474060
1.105913043022156 3.656008005142212 -0.331239998340607
1.227411985397339 3.638206958770752 -0.208737000823021
1.220095992088318 3.625518083572388 -0.203394994139671
1.214130997657776 3.619267940521240 -0.198440998792648
1.209570050239563 3.619846105575562 -0.193872004747391
1.206094980239868 3.625803947448730 -0.189585000276566
1.204537987709045 3.641393899917603 -0.185778006911278
1.207494020462036 3.675085067749023 -0.183767005801201
1.383489012718201 3.649631977081299 0.008511999621987
1.373142957687378 3.627233028411865 0.013038000091910
1.064864993095398 3.649743080139160 -0.290724009275436
1.312155008316040 3.643723011016846 -0.046583998948336
1.368065953254700 3.625972986221313 0.017606999725103
1.058236956596375 3.637322902679443 -0.285122007131577
1.304324984550476 3.630264043807983 -0.041827999055386
1.366263985633850 3.638055086135864 0.022252999246120
1.053727030754089 3.638000965118408 -0.280564010143280
1.298087000846863 3.623642921447754 -0.037179000675678
0.994988977909088 3.669749975204468 -0.341531008481979
1.052657961845398 3.660485029220581 -0.277660995721817
1.294911980628967 3.630494117736816 -0.032669998705387
0.988557994365692 3.656896114349365 -0.335700005292892
1.293696045875549 3.646141052246094 -0.028214000165462
0.985234975814819 3.659498929977417 -0.332230985164642
1.292502045631409 3.662051916122437 -0.023723000660539
1.227463006973267 3.656017065048218 -0.084014996886253
1.217260003089905 3.629230022430420 -0.078824996948242
1.094689965248108 3.661562919616699 -0.196519002318382
1.211176037788391 3.622354984283447 -0.074112996459007
1.089215040206909 3.651207923889160 -0.192278996109962
1.208673000335693 3.633114099502563 -0.069758996367455
0.902971029281616 3.658786058425903 -0.372328013181686
1.085482001304626 3.656698942184448 -0.187959000468254
1.210132002830505 3.663741111755371 -0.065737001597881
0.896905004978180 3.645862102508545 -0.366409003734589
0.893368005752563 3.654741048812866 -0.362690001726151
1.067819952964783 3.662549972534180 -0.169823005795479
1.193351984024048 3.669646978378296 -0.048317998647690
1.060789942741394 3.641993045806885 -0.165207996964455
1.183923006057739 3.645438909530640 -0.043423000723124
1.056254029273987 3.642566919326782 -0.160658001899719
1.177976012229919 3.638923883438110 -0.038780000060797
1.054805994033813 3.662633895874023 -0.156946003437042
1.174718022346497 3.646318912506104 -0.034286998212337
0.868384003639221 3.668349981307983 -0.337258011102676
1.175493955612183 3.674963951110840 -0.029950000345707
0.863282978534698 3.663360118865967 -0.332197993993759
0.859030008316040 3.666327953338623 -0.327865988016129
1.228072047233582 3.658016920089722 0.037845999002457
1.217955946922302 3.631653070449829 0.042118001729250
1.285861015319824 3.669559955596924 0.107194997370243
0.973634004592896 3.671432971954346 -0.198062002658844
1.211578965187073 3.623330116271973 0.046553999185562
0.910413980484009 3.671864986419678 -0.256608992815018
1.276041030883789 3.642227888107300 0.110039003193378
0.965941011905670 3.648624897003174 -0.192263007164001
1.207573056221008 3.626631021499634 0.051130998879671
0.902696013450623 3.645267009735107 -0.250185996294022
1.268836021423340 3.630876064300537 0.114234000444412
0.960762023925781 3.644241094589233 -0.187472000718117
1.209424018859863 3.659141063690186 0.056163001805544
0.898790001869202 3.643064975738525 -0.246388003230095
1.264444947242737 3.632325887680054 0.118817001581192
0.957998991012573 3.651088953018188 -0.184172004461288
0.895577013492584 3.654763936996460 -0.242608994245529
1.264700055122375 3.655287981033325 0.124132998287678
0.956511974334717 3.674807071685791 -0.180775001645088
1.079295039176941 3.674051046371460 -0.057976000010967
1.067978024482727 3.633347988128662 -0.052797000855207
1.063076972961426 3.625926017761230 -0.049068000167608
1.058102965354919 3.623661041259766 -0.044514998793602
1.055073976516724 3.622004032135010 -0.041783999651670
1.051329970359802 3.621613025665283 -0.038166999816895
1.048395991325378 3.632168054580688 -0.033750999718904
1.049643039703369 3.669574975967407 -0.029526999220252
1.223654031753540 3.644041061401367 0.161007001996040
0.917798995971680 3.667752027511597 -0.142927005887032
1.214584946632385 3.622629880905151 0.164571002125740
0.909892976284027 3.640095949172974 -0.137321993708611
1.158349990844727 3.662621021270752 0.106453001499176
0.850691974163055 3.671274900436401 -0.197025001049042
1.209633946418762 3.621237993240356 0.169015005230904
0.904983997344971 3.637191057205200 -0.132689997553825
1.149456024169922 3.639951944351196 0.110322996973991
0.844232022762299 3.652683973312378 -0.191487997770309
1.208269953727722 3.632966995239258 0.173179000616074
0.902136027812958 3.651838064193726 -0.128685995936394
1.143882989883423 3.635004997253418 0.114694997668266
0.840475022792816 3.651562929153442 -0.187801003456116
1.208572030067444 3.657799959182739 0.178911998867989
0.901278972625732 3.676038980484009 -0.125885993242264
1.141150951385498 3.645519971847534 0.119558997452259
0.836721003055573 3.659652948379517 -0.183673992753029
1.081763029098511 3.665062904357910 0.059755999594927
1.140964031219482 3.665036916732788 0.123843997716904
1.072605013847351 3.637717962265015 0.063830003142357
1.065776944160461 3.624228954315186 0.068094998598099
1.060729026794434 3.621519088745117 0.072540998458862
0.941197991371155 3.664609909057617 -0.044606998562813
1.057221055030823 3.628359079360962 0.077182002365589
0.935034990310669 3.652292013168335 -0.039928998798132
1.058254003524780 3.657975912094116 0.081442996859550
0.751134991645813 3.660801887512207 -0.219769001007080
0.930830001831055 3.655424118041992 -0.035433001816273
0.746369004249573 3.645534992218018 -0.215244993567467
0.928750991821289 3.668350934982300 -0.031923998147249
0.742254018783569 3.651026964187622 -0.211055994033813
0.924021005630493 3.667396068572998 -0.027373999357224
0.738991975784302 3.668569087982178 -0.207536995410919
0.916760027408600 3.645526885986328 -0.022698000073433
0.911162972450256 3.637059926986694 -0.018145000562072
0.907998025417328 3.648905038833618 -0.013690999709070
1.032781004905701 3.667623043060303 0.108025997877121
0.907024979591370 3.671806097030640 -0.010145000182092
1.024446010589600 3.643198013305664 0.111818000674248
1.018970966339111 3.637482881546021 0.116144999861717
1.082934021949768 3.670577049255371 0.181409001350403
1.015308976173401 3.643881082534790 0.120858997106552
1.071241974830627 3.627871990203857 0.183790996670723
1.014559984207153 3.663877964019775 0.125148996710777
1.064525961875916 3.609376907348633 0.186430007219315
1.061612010002136 3.619734048843384 0.191444993019104
1.059141993522644 3.633009910583496 0.196643993258476
0.757784008979797 3.664086103439331 -0.105095997452736
0.814935028553009 3.657473087310791 -0.042015999555588
1.058781981468201 3.659719944000244 0.202618002891541
0.751294970512390 3.638627052307129 -0.099886000156403
0.809532999992371 3.648370981216431 -0.037416998296976
0.747493028640747 3.636190891265869 -0.096239998936653
0.806255996227264 3.652431011199951 -0.033860001713037
0.925755023956299 3.643038034439087 0.088081002235413
0.743546009063721 3.643960952758789 -0.091963998973370
0.803260028362274 3.669918060302734 -0.029503999277949
0.918956995010376 3.624995946884155 0.092118002474308
0.741015017032623 3.671546936035156 -0.088146001100540
1.105399966239929 3.662839889526367 0.280027985572815
0.914129972457886 3.622832059860229 0.096532002091408
1.097182035446167 3.642083883285522 0.282949000597000
0.911342024803162 3.629992961883545 0.100304000079632
1.092761039733887 3.637931108474731 0.286228001117706
0.908748984336853 3.646614074707031 0.105259001255035
1.089272975921631 3.644757032394409 0.291274994611740
0.904380977153778 3.648492097854614 0.109811000525951
1.086840987205505 3.657987117767334 0.296858012676239
0.898473024368286 3.637173891067505 0.113952003419399
1.083143949508667 3.663794994354248 0.301862001419067
0.893266022205353 3.631697893142700 0.118254996836185
0.889769971370697 3.633080959320068 0.121880002319813
0.887049973011017 3.649462938308716 0.126923993229866
0.762131989002228 3.647727966308594 0.009232999756932
0.756322979927063 3.631477117538452 0.013648999854922
0.751497983932495 3.627597093582153 0.018084999173880
0.933731973171234 3.662049055099487 0.203753992915154
0.747409999370575 3.633404016494751 0.022570999339223
0.925436019897461 3.632407903671265 0.206580996513367
0.743200004100800 3.637761116027832 0.027057999745011
0.919588983058929 3.622104883193970 0.210457995533943
0.741174995899200 3.659812927246094 0.030812000855803
0.916230976581573 3.624543905258179 0.214172005653381
0.977747023105621 3.651120901107788 0.279722988605499
0.914948999881744 3.651848077774048 0.220284000039101
0.970983982086182 3.635423898696899 0.283006012439728
0.966763973236084 3.638236999511719 0.287714004516602
0.964380979537964 3.654818058013916 0.293534010648727
0.777994990348816 3.669542074203491 0.116327002644539
0.772285997867584 3.655801057815552 0.120374999940395
0.767041027545929 3.647418022155762 0.124571003019810
0.762847006320953 3.640538930892944 0.127905994653702
0.758283972740173 3.640424013137817 0.132364004850388
0.754799008369446 3.654386997222900 0.137349992990494
0.858994007110596 3.671129941940308 0.278380006551743
0.851535022258759 3.643678903579712 0.280779987573624
0.847055017948151 3.635756969451904 0.283748000860214
0.842531979084015 3.636295080184937 0.288262009620667
0.839569985866547 3.652475118637085 0.294037014245987
0.771531999111176 3.637821912765503 0.238261997699738
0.765981972217560 3.625540018081665 0.241905003786087
0.761207997798920 3.622689008712769 0.246159002184868
0.757143020629883 3.628879070281982 0.251029998064041
0.754890978336334 3.658951997756958 0.257598012685776
1.692494988441467 3.640575885772705 -0.616123020648956
1.680755019187927 3.620795011520386 -0.607776999473572
1.676741957664490 3.621040105819702 -0.603824019432068
1.678815960884094 3.642786979675293 -0.602433979511261
1.683910012245178 3.670737028121948 -0.603016018867493
1.681020021438599 3.677695035934448 -0.599105000495911
1.672745943069458 3.668204069137573 -0.592523992061615
1.670107007026672 3.675949096679688 -0.588735997676849
1.709529995918274 3.646891117095947 -0.505061984062195
1.706603050231934 3.650438070297241 -0.501587986946106
1.697340965270996 3.638210058212280 -0.494973003864288
1.687373042106628 3.623749971389771 -0.488095998764038
1.679841995239258 3.616465091705322 -0.482219994068146
1.677834987640381 3.625751018524170 -0.478556990623474
1.682178974151611 3.651218891143799 -0.477973997592926
1.481665968894958 3.665503978729248 -0.659035980701447
1.542997002601624 3.656446933746338 -0.593554973602295
1.533689022064209 3.641694068908691 -0.586215972900391
1.598561048507690 3.650063991546631 -0.523033022880554
1.531726002693176 3.652168989181519 -0.582949995994568
1.589172005653381 3.635912895202637 -0.516098022460938
1.582587003707886 3.630806922912598 -0.510478973388672
1.577038049697876 3.629053115844727 -0.505346000194550
1.569803953170776 3.621685981750488 -0.499448001384735
1.569409012794495 3.633639097213745 -0.497189998626709
1.706894993782043 3.655740976333618 -0.374936014413834
1.573078989982605 3.662569999694824 -0.496232986450195
1.689362049102783 3.618792057037354 -0.366326987743378
1.679821014404297 3.605432987213135 -0.360179007053375
1.677188992500305 3.609668970108032 -0.356763988733292
1.671964049339294 3.609153032302856 -0.351920992136002
1.669901013374329 3.618189096450806 -0.348003000020981
1.355769991874695 3.658150911331177 -0.659220993518829
1.551635026931763 3.671760082244873 -0.473892003297806
1.668377041816711 3.628922939300537 -0.344226002693176
1.351763010025024 3.657677888870239 -0.655187010765076
1.535770058631897 3.634623050689697 -0.464249998331070
1.670640945434570 3.651302099227905 -0.341515004634857
1.351140022277832 3.675467014312744 -0.653418004512787
1.528368949890137 3.626255989074707 -0.458348989486694
1.669031977653503 3.658847093582153 -0.338349997997284
1.530308008193970 3.650095939636230 -0.456503003835678
1.669384002685547 3.675614118576050 -0.335043013095856
1.453784942626953 3.665175914764404 -0.504317998886108
1.384008049964905 3.654103040695190 -0.562327027320862
1.444525003433228 3.648917913436890 -0.497227013111115
1.705883979797363 3.653497934341431 -0.249237999320030
1.374426007270813 3.635087966918945 -0.554552018642426
1.444017052650452 3.661854982376099 -0.495097011327744
1.690950036048889 3.624203920364380 -0.242492005228996
1.372364044189453 3.646404027938843 -0.551419019699097
1.687185049057007 3.625052928924561 -0.238751992583275
1.567039966583252 3.675904035568237 -0.362654000520706
1.692530035972595 3.656289100646973 -0.236028000712395
1.548727989196777 3.627624988555908 -0.354072004556656
1.231212019920349 3.647825002670288 -0.659568011760712
1.540109992027283 3.615204095840454 -0.348105996847153
1.225443005561829 3.642924070358276 -0.653818011283875
1.534644007682800 3.613396883010864 -0.343185991048813
1.220378994941711 3.636759996414185 -0.648829996585846
1.531898021697998 3.620874881744385 -0.339143991470337
1.211778044700623 3.617798089981079 -0.640626013278961
1.527691006660461 3.623378038406372 -0.334627002477646
1.205752015113831 3.611294984817505 -0.634666979312897
1.524906039237976 3.630805015563965 -0.330556988716125
1.664373040199280 3.660339117050171 -0.208603993058205
1.205729961395264 3.634557008743286 -0.633921980857849
1.528522014617920 3.657071113586426 -0.329118996858597
1.651625037193298 3.636605024337769 -0.202521994709969
1.207810044288635 3.668627977371216 -0.634992003440857
1.647238016128540 3.638603925704956 -0.197906002402306
1.395881056785583 3.677290916442871 -0.445686995983124
1.645647048950195 3.649322032928467 -0.193752005696297
1.328459024429321 3.678210020065308 -0.504590988159180
1.382122039794922 3.641732931137085 -0.436594009399414
1.649400949478149 3.673672914505005 -0.191231995820999
1.317682981491089 3.652555942535400 -0.496262997388840
1.374516963958740 3.630613088607788 -0.430496990680695
1.311866998672485 3.644017934799194 -0.491268008947372
1.372799992561340 3.643249988555908 -0.427219003438950
1.310176014900208 3.657655000686646 -0.488299012184143
1.372578024864197 3.662106990814209 -0.424632996320724
1.304762005805969 3.676348924636841 -0.481146007776260
1.430420994758606 3.664418935775757 -0.356959998607635
1.235996007919312 3.661464929580688 -0.537935972213745
1.419088959693909 3.639641046524048 -0.349803000688553
1.556542038917542 3.673676013946533 -0.228227004408836
1.227444052696228 3.638577938079834 -0.530749976634979
1.412310004234314 3.632230043411255 -0.344361990690231
1.541983962059021 3.641048908233643 -0.221487000584602
1.222666978836060 3.638406991958618 -0.525951027870178
1.407291054725647 3.631582975387573 -0.339576005935669
1.531368970870972 3.618249893188477 -0.216355994343758
1.222048044204712 3.658576011657715 -0.524070024490356
1.405951976776123 3.645323038101196 -0.336122989654541
1.527554035186768 3.622029066085815 -0.211899995803833
1.407356023788452 3.666141986846924 -0.334232985973358
1.526093006134033 3.633966922760010 -0.207904994487762
1.520524978637695 3.631733894348145 -0.203090995550156
1.515166997909546 3.630198955535889 -0.198323994874954
1.393604993820190 3.669723987579346 -0.320286005735397
1.514402985572815 3.641288042068481 -0.195176005363464
1.379727959632874 3.633586883544922 -0.312427997589111
1.518314003944397 3.672382116317749 -0.192112997174263
1.195340991020203 3.662928104400635 -0.496933996677399
1.372913002967834 3.625560998916626 -0.307049006223679
1.187847971916199 3.648871898651123 -0.490276008844376
1.372897028923035 3.641112089157104 -0.304601997137070
1.183645009994507 3.651561975479126 -0.485886007547379
1.374811053276062 3.668608903884888 -0.302165001630783
1.183570027351379 3.670762062072754 -0.484622985124588
1.236575007438660 3.658648014068604 -0.414961010217667
1.226925015449524 3.635031938552856 -0.407577991485596
1.293792009353638 3.660084009170532 -0.347344994544983
1.542189955711365 3.640319108963013 -0.098600000143051
1.221461057662964 3.631470918655396 -0.402482986450195
1.287755012512207 3.654530048370361 -0.342103987932205
1.533262014389038 3.623255968093872 -0.094434000551701
1.219403982162476 3.644524097442627 -0.399221003055573
1.529667973518372 3.627754926681519 -0.089919999241829
1.531175017356873 3.649914979934692 -0.085812002420425
1.396862983703613 3.641757965087891 -0.205219000577927
1.387259006500244 3.622833967208862 -0.199514999985695
1.381958007812500 3.620873928070068 -0.194775000214577
1.075425982475281 3.662059068679810 -0.500618994235992
1.377172946929932 3.620944976806641 -0.190149992704391
1.068019032478333 3.645251989364624 -0.493616998195648
1.373448967933655 3.621417045593262 -0.186473995447159
1.062924027442932 3.642489910125732 -0.488546013832092
1.370926022529602 3.630633115768433 -0.182313993573189
1.059102058410645 3.641822099685669 -0.484703004360199
1.372825980186462 3.657957077026367 -0.179020002484322
1.504544973373413 3.674225091934204 -0.054584998637438
1.055125951766968 3.645997047424316 -0.480565011501312
1.244593977928162 3.667345046997070 -0.298092007637024
1.493010044097900 3.647044897079468 -0.050477001816034
1.052330970764160 3.657702922821045 -0.477403014898300
1.234312057495117 3.640940904617310 -0.291289001703262
1.487656950950623 3.645392894744873 -0.045829001814127
1.226544976234436 3.626327991485596 -0.285486996173859
1.486793994903564 3.659955024719238 -0.041370000690222
1.168079018592834 3.657716989517212 -0.347077995538712
1.221109032630920 3.622833967208862 -0.280586004257202
1.160864949226379 3.644465923309326 -0.341161012649536
1.218338966369629 3.627697944641113 -0.277258992195129
1.155807018280029 3.642550945281982 -0.336327999830246
1.214908003807068 3.633991003036499 -0.273106992244720
1.154374957084656 3.660132884979248 -0.333278000354767
1.214158058166504 3.653603076934814 -0.269924998283386
1.268013000488281 3.648041963577271 -0.201464995741844
1.399749994277954 3.673640012741089 -0.078730002045631
1.260203003883362 3.633938074111938 -0.196071997284889
1.385802984237671 3.633529901504517 -0.074192002415657
1.256737947463989 3.639875888824463 -0.191773995757103
1.377063989639282 3.617769956588745 -0.069293998181820
1.070639014244080 3.649204015731812 -0.372880011796951
1.257109045982361 3.659377098083496 -0.189089000225067
1.373244047164917 3.621661901473999 -0.064791001379490
1.063621044158936 3.634618997573853 -0.366762012243271
1.374634981155396 3.646703958511353 -0.060630999505520
1.059723019599915 3.633445024490356 -0.362944990396500
1.374456048011780 3.665605068206787 -0.056317999958992
1.055711984634399 3.637331008911133 -0.358707994222641
1.365170955657959 3.643444061279297 -0.052299000322819
1.053169012069702 3.650538921356201 -0.355372011661530
1.356562018394470 3.627794981002808 -0.047499001026154
1.050449013710022 3.662822961807251 -0.351918011903763
1.230921030044556 3.643348932266235 -0.166124999523163
1.351021051406860 3.624653100967407 -0.042888000607491
1.044334053993225 3.653505086898804 -0.346388012170792
1.222048044204712 3.623270988464355 -0.160631999373436
1.350746035575867 3.643373012542725 -0.038520000874996
1.040022015571594 3.649674892425537 -0.342323988676071
1.216256022453308 3.617965936660767 -0.155828997492790
1.353330969810486 3.674249887466431 -0.034219998866320
1.035138010978699 3.648093938827515 -0.337554007768631
1.212664961814880 3.623392105102539 -0.151491001248360
1.032148957252502 3.658924102783203 -0.333923995494843
1.211506962776184 3.640898942947388 -0.147632002830505
1.213968038558960 3.671885967254639 -0.145186007022858
1.149098038673401 3.669539928436279 -0.204142004251480
1.397078990936279 3.655774116516113 0.042589001357555
1.141263008117676 3.652468919754028 -0.198587998747826
1.387169957160950 3.635535001754761 0.046914998441935
1.077648997306824 3.656122922897339 -0.257784992456436
1.135332942008972 3.645663022994995 -0.193625003099442
1.380820035934448 3.629332065582275 0.051387000828981
1.068609952926636 3.629409074783325 -0.251325994729996
1.130172967910767 3.643027067184448 -0.188898995518684
1.376217007637024 3.630088090896606 0.055948000401258
1.063570976257324 3.626905918121338 -0.246582999825478
1.127676010131836 3.650002002716064 -0.185586005449295
1.375012993812561 3.644597053527832 0.060738001018763
1.060179948806763 3.634588003158569 -0.242529004812241
1.126868963241577 3.671854019165039 -0.182080000638962
1.059142947196960 3.657120943069458 -0.239432007074356
1.245247960090637 3.667006969451904 -0.054303001612425
1.232259988784790 3.627610921859741 -0.049171999096870
1.226153969764709 3.616362094879150 -0.045393999665976
1.220935940742493 3.613826036453247 -0.040835998952389
0.920858025550842 3.671983957290649 -0.344911992549896
1.215513944625854 3.610244989395142 -0.036276001483202
0.913519024848938 3.649313926696777 -0.338198989629745
1.212736964225769 3.619585990905762 -0.031840998679399
0.908491015434265 3.645587921142578 -0.333278000354767
1.214347958564758 3.650705099105835 -0.027549000456929
0.903572022914886 3.642699003219604 -0.328444987535477
0.899411976337433 3.646250963211060 -0.324194997549057
1.333140015602112 3.662147998809814 0.104975998401642
0.897553026676178 3.661865949630737 -0.321913987398148
1.019068956375122 3.656805038452148 -0.199965000152588
1.080909013748169 3.666946887969971 -0.137707993388176
1.324112057685852 3.643994092941284 0.109001003205776
1.012298941612244 3.642396926879883 -0.194621995091438
1.070935010910034 3.634692907333374 -0.131954997777939
1.319602012634277 3.641004085540771 0.112543001770973
1.007359981536865 3.640244960784912 -0.189956992864609
1.065574049949646 3.630270957946777 -0.127259999513626
1.318382024765015 3.656369924545288 0.117574997246265
1.006312012672424 3.658483028411865 -0.187251999974251
1.062350988388062 3.639015913009644 -0.123024001717567
1.061879038810730 3.665064096450806 -0.119332000613213
1.116685986518860 3.662319898605347 -0.052136000245810
1.109755992889404 3.649476051330566 -0.047407001256943
1.232257962226868 3.645834922790527 0.075526997447014
1.102898001670837 3.636846065521240 -0.042715001851320
1.222659945487976 3.622241020202637 0.079544998705387
1.098749995231628 3.639830112457275 -0.038219999521971
1.218026995658875 3.617969989776611 0.083052001893520
0.917177975177765 3.664711952209473 -0.219503998756409
1.097673058509827 3.660901069641113 -0.033888000994921
1.214452028274536 3.623419046401978 0.087682001292706
0.909675002098083 3.640506982803345 -0.213524997234344
1.215551018714905 3.651973962783813 0.092912003397942
0.905362010002136 3.642771959304810 -0.209126994013786
0.902867972850800 3.660638093948364 -0.205603003501892
1.083428025245667 3.654124975204468 -0.021108999848366
1.073853969573975 3.624455928802490 -0.016436999663711
1.203367948532104 3.661972999572754 0.106808997690678
0.895554006099701 3.669116973876953 -0.197877004742622
1.068171024322510 3.618046045303345 -0.011916999705136
1.195050954818726 3.639074087142944 0.109754003584385
0.889151990413666 3.653321981430054 -0.192491993308067
1.063820958137512 3.619718074798584 -0.007431999780238
1.189579963684082 3.635158061981201 0.114146001636982
0.884796977043152 3.655421018600464 -0.188069000840187
1.060991048812866 3.625088930130005 -0.003845999948680
1.187059998512268 3.646287918090820 0.119018003344536
1.061496973037720 3.657098054885864 0.000653000024613
1.239050984382629 3.673134088516235 0.197506994009018
0.985504984855652 3.658886909484863 -0.045499000698328
1.228018045425415 3.642786026000977 0.200387001037598
0.920023977756500 3.649128913879395 -0.103339001536369
0.979387998580933 3.648195981979370 -0.040851999074221
1.223037958145142 3.636919975280762 0.203666999936104
0.913098990917206 3.629874944686890 -0.098306000232697
0.974394023418427 3.645499944686890 -0.036313999444246
1.218500971794128 3.637753009796143 0.208217993378639
0.909774005413055 3.632690906524658 -0.094789996743202
0.970809996128082 3.653126955032349 -0.031874001026154
1.218114018440247 3.659020900726318 0.213964000344276
0.907904028892517 3.655560970306396 -0.090870000422001
1.091320991516113 3.667965888977051 0.094495996832848
1.079548954963684 3.625514030456543 0.097883999347687
1.073505997657776 3.617012023925781 0.102123998105526
1.068742036819458 3.616163969039917 0.106568001210690
0.768871009349823 3.655955076217651 -0.194312006235123
1.065318942070007 3.617842912673950 0.110192000865936
0.763873994350433 3.650404930114746 -0.189522996544838
1.061043024063110 3.619981050491333 0.114726997911930
0.759805977344513 3.644922018051147 -0.185648992657661
1.057466983795166 3.626502990722656 0.119409002363682
0.755289018154144 3.645261049270630 -0.181182995438576
1.059144973754883 3.666095018386841 0.125237002968788
0.750697016716003 3.644617080688477 -0.176669001579285
0.933375000953674 3.671726942062378 0.006922999862581
0.746025979518890 3.642872095108032 -0.172107994556427
0.925334990024567 3.644216060638428 0.011358999647200
0.742546021938324 3.657344102859497 -0.168299004435539
0.919378995895386 3.633163928985596 0.015797000378370
0.858722984790802 3.651711940765381 -0.043072998523712
0.915082991123199 3.635591983795166 0.020281000062823
0.853016972541809 3.640969038009644 -0.038470998406410
0.913415014743805 3.652296066284180 0.023969000205398
0.848477005958557 3.641324996948242 -0.033998999744654
0.845798015594482 3.660052061080933 -0.029678000137210
1.092175960540771 3.672786951065063 0.216128006577492
1.152153968811035 3.669754028320312 0.279881000518799
1.081184029579163 3.635056018829346 0.218388006091118
1.144094944000244 3.651520013809204 0.282994985580444
1.075188040733337 3.621328115463257 0.221134006977081
1.138404011726379 3.646028041839600 0.287066996097565
1.070122003555298 3.618685960769653 0.225430995225906
1.134940981864929 3.652786016464233 0.292104005813599
0.950877010822296 3.664531946182251 0.109180003404617
1.066601037979126 3.625459909439087 0.230320006608963
0.943543970584869 3.643610000610352 0.113035000860691
1.066102981567383 3.651002883911133 0.236439004540443
0.761610984802246 3.649708032608032 -0.067291997373104
0.937569975852966 3.632936000823975 0.117168001830578
0.755832016468048 3.633979082107544 -0.062553003430367
0.931837022304535 3.623953104019165 0.121330000460148
0.751380980014801 3.635178089141846 -0.058125000447035
0.926614999771118 3.618869066238403 0.125604003667831
0.747274994850159 3.641038894653320 -0.053764000535011
0.922865986824036 3.618185997009277 0.129134997725487
0.743839979171753 3.656200885772705 -0.049516998231411
0.918699979782104 3.621566057205200 0.133700996637344
0.740635991096497 3.662435054779053 -0.046018999069929
0.916208982467651 3.638808012008667 0.138803005218506
0.735916972160339 3.660439014434814 -0.041519999504089
0.735477983951569 3.667136907577515 -0.040699999779463
1.025321006774902 3.652493000030518 0.276091992855072
1.018311977386475 3.636737108230591 0.279374003410339
0.775325000286102 3.674714088439941 0.040422998368740
1.013607025146484 3.636261940002441 0.283809006214142
0.768773019313812 3.639230012893677 0.043588999658823
1.011816978454590 3.655617952346802 0.289813995361328
0.763339996337891 3.628284931182861 0.047890000045300
0.823563992977142 3.656368017196655 0.111886002123356
0.946669995784760 3.669136047363281 0.234569996595383
0.758822023868561 3.628696918487549 0.052326999604702
0.818979978561401 3.646807909011841 0.115161001682281
0.937471985816956 3.633433103561401 0.236746996641159
0.755361020565033 3.642844915390015 0.056977998465300
0.814764022827148 3.650824069976807 0.119753003120422
0.931311011314392 3.621110916137695 0.240386992692947
0.752804994583130 3.669409036636353 0.061873000115156
0.811371982097626 3.663925886154175 0.124661996960640
0.926613986492157 3.620261907577515 0.244772002100945
0.925126016139984 3.637914896011353 0.249535992741585
0.900002002716064 3.651768922805786 0.276459008455276
0.775699973106384 3.656153917312622 0.158341005444527
0.893728017807007 3.637449026107788 0.279834002256393
0.769716978073120 3.639060974121094 0.162043005228043
0.889274001121521 3.638787984848022 0.284397006034851
0.765510022640228 3.643701076507568 0.166695997118950
0.887090027332306 3.660315990447998 0.290565997362137
0.762956976890564 3.669569015502930 0.172358006238937
0.783638000488281 3.646927118301392 0.268573999404907
0.776838004589081 3.620546102523804 0.271055996417999
0.772089004516602 3.618338108062744 0.275312006473541
0.767641007900238 3.619766950607300 0.279843986034393
0.763545989990234 3.625689983367920 0.284732997417450
0.760924994945526 3.638897895812988 0.289326995611191
1.680860996246338 3.664237022399902 -0.603179991245270
1.673794031143188 3.652019977569580 -0.596318006515503
1.668825030326843 3.650578022003174 -0.591238021850586
1.607326984405518 3.673394918441772 -0.654201984405518
1.668670058250427 3.669465065002441 -0.590404987335205
1.709663987159729 3.666110038757324 -0.506919026374817
1.688529968261719 3.669153928756714 -0.485177993774414
1.681988954544067 3.659786939620972 -0.479146003723145
1.674757957458496 3.646709918975830 -0.472662985324860
1.669788002967834 3.645219087600708 -0.467703998088837
1.666885018348694 3.654529094696045 -0.464125990867615
1.532436013221741 3.676642894744873 -0.576255023479462
1.593204021453857 3.677614927291870 -0.512426018714905
1.525470018386841 3.661276102066040 -0.569060027599335
1.586364984512329 3.664726972579956 -0.505851984024048
1.522328019142151 3.671050071716309 -0.565783977508545
1.582566022872925 3.664258956909180 -0.501968026161194
1.577996969223022 3.664742946624756 -0.497263014316559
1.574208021163940 3.669951915740967 -0.493196994066238
1.570269942283630 3.674312114715576 -0.489008009433746
1.687407970428467 3.676528930664062 -0.357910990715027
1.677531003952026 3.649935960769653 -0.350609004497528
1.671810030937195 3.639705896377563 -0.345869004726410
1.667466998100281 3.641407966613770 -0.341334998607635
1.662706017494202 3.640921115875244 -0.336598008871078
1.659232020378113 3.647227048873901 -0.332484990358353
1.659744024276733 3.669832944869995 -0.330769002437592
1.528337955474854 3.661242008209229 -0.446521997451782
1.523179054260254 3.651563882827759 -0.441576987504959
1.520437002182007 3.663942098617554 -0.438353985548019
1.448668003082275 3.678209066390991 -0.489666998386383
1.686342954635620 3.663520097732544 -0.234778001904488
1.676625967025757 3.637701988220215 -0.228477999567986
1.672543048858643 3.640722036361694 -0.224022001028061
1.549018979072571 3.668287992477417 -0.343650996685028
1.675541043281555 3.675790071487427 -0.222429007291794
1.542714953422546 3.651742935180664 -0.338367998600006
1.537263989448547 3.646359920501709 -0.333211988210678
1.532634019851685 3.646192073822021 -0.328543007373810
1.528570055961609 3.649703979492188 -0.324205011129379
1.523620963096619 3.647434949874878 -0.319355994462967
1.519333004951477 3.643402099609375 -0.315290987491608
1.515807986259460 3.650540113449097 -0.311262011528015
1.638818025588989 3.649872064590454 -0.189284995198250
1.514641046524048 3.673691034317017 -0.308564007282257
1.633162975311279 3.644396066665649 -0.184376001358032
1.630857944488525 3.652215003967285 -0.181066006422043
1.688712000846863 3.668617010116577 -0.113513000309467
1.376227021217346 3.661187887191772 -0.415298014879227
1.677876949310303 3.632335901260376 -0.108713001012802
1.371574997901917 3.651957035064697 -0.410537987947464
1.672042012214661 3.626244068145752 -0.103945001959801
1.366847038269043 3.650167942047119 -0.405701011419296
1.671916007995605 3.649739980697632 -0.100005000829697
1.363397002220154 3.660219907760620 -0.402173995971680
1.424579024314880 3.668950080871582 -0.340559005737305
1.419895052909851 3.668104887008667 -0.335833013057709
1.529394030570984 3.665143966674805 -0.200567007064819
1.522032022476196 3.647058010101318 -0.194975003600121
1.517343044281006 3.646466970443726 -0.190344005823135
1.513252973556519 3.649877071380615 -0.185920998454094
1.512148976325989 3.667303085327148 -0.183112993836403
1.689442992210388 3.665364980697632 0.007849000394344
1.679541945457458 3.633898019790649 0.011433999985456
1.375784039497375 3.665976047515869 -0.291211009025574
1.672397971153259 3.621063947677612 0.015940999612212
1.369461059570312 3.649868965148926 -0.285340011119843
1.615934014320374 3.659904956817627 -0.043115001171827
1.669669985771179 3.630958080291748 0.020542999729514
1.365561962127686 3.655776977539062 -0.281204998493195
1.608613967895508 3.644706010818481 -0.038359999656677
1.669221997261047 3.652892112731934 0.025250999256968
1.603299021720886 3.640801906585693 -0.033750001341105
1.299468040466309 3.675019979476929 -0.337004005908966
1.667480945587158 3.668301105499268 0.029958000406623
1.601400017738342 3.651232957839966 -0.030182000249624
1.294389009475708 3.668932914733887 -0.331838995218277
1.663069963455200 3.664810895919800 0.033606000244617
1.659592032432556 3.671225070953369 0.038265999406576
1.529229044914246 3.654289960861206 -0.079850003123283
1.708021998405457 3.633929014205933 0.105272002518177
1.521739959716797 3.635340929031372 -0.074881002306938
1.703816056251526 3.636198997497559 0.109889999032021
1.399867057800293 3.668750047683716 -0.193378999829292
1.517174005508423 3.635489940643311 -0.070331998169422
1.700157999992371 3.641215085983276 0.114598996937275
1.393391966819763 3.652381896972656 -0.187943994998932
1.515202999114990 3.653009891510010 -0.066097997128963
1.695021986961365 3.638869047164917 0.119078002870083
1.389235973358154 3.647941112518311 -0.184063002467155
1.690302014350891 3.633873939514160 0.122550003230572
1.384060978889465 3.642436027526855 -0.179230004549026
1.685662984848022 3.633956909179688 0.127096995711327
1.379626989364624 3.643392086029053 -0.174722999334335
1.680462002754211 3.631155014038086 0.131538003683090
1.375012993812561 3.642746925354004 -0.170139998197556
1.675670027732849 3.625633001327515 0.134963005781174
1.370512962341309 3.643100023269653 -0.165607005357742
1.671152949333191 3.626256942749023 0.139515995979309
1.367063999176025 3.644778013229370 -0.162044003605843
1.491811037063599 3.669776916503906 -0.040715999901295
1.670984983444214 3.649524927139282 0.144969001412392
1.364428043365479 3.662456035614014 -0.158260002732277
1.484171986579895 3.648340940475464 -0.035925000905991
1.479480981826782 3.647620916366577 -0.031367000192404
1.479413986206055 3.673609972000122 -0.027925999835134
1.230420947074890 3.673181056976318 -0.267028987407684
1.594553947448730 3.657248020172119 0.099380001425743
1.224460005760193 3.652559995651245 -0.260984987020493
1.587743043899536 3.644455909729004 0.103577002882957
1.525967001914978 3.647969961166382 0.043719999492168
1.219627976417542 3.647706031799316 -0.256101012229919
1.583017945289612 3.638376951217651 0.107032999396324
1.518623948097229 3.629865884780884 0.048025999218225
1.216104030609131 3.648741960525513 -0.252544999122620
1.578047990798950 3.636264085769653 0.111501999199390
1.276072978973389 3.670027017593384 -0.190569996833801
1.514140009880066 3.630517959594727 0.052556999027729
1.212138056755066 3.656697988510132 -0.248551994562149
1.573052048683167 3.633945941925049 0.115959003567696
1.270514011383057 3.657644987106323 -0.185380995273590
1.511244058609009 3.641860008239746 0.057254999876022
1.568320989608765 3.633194923400879 0.120460003614426
1.267052054405212 3.659595966339111 -0.181842997670174
1.510581016540527 3.668534040451050 0.062240999191999
1.564687013626099 3.639137029647827 0.125187993049622
1.562737941741943 3.655550003051758 0.130302995443344
1.380442023277283 3.673743009567261 -0.051141001284122
1.373077988624573 3.648605108261108 -0.046259000897408
1.369171977043152 3.646209955215454 -0.042606998234987
1.365017056465149 3.649856090545654 -0.038120001554489
1.360257029533386 3.647937059402466 -0.033573001623154
1.356546044349670 3.655874013900757 -0.029112000018358
1.533597946166992 3.664565086364746 0.160703003406525
1.523882031440735 3.631227016448975 0.163752004504204
1.223485946655273 3.670825958251953 -0.137822002172470
1.517773985862732 3.621171951293945 0.167796999216080
1.218319058418274 3.648228883743286 -0.133365005254745
1.513126015663147 3.620673894882202 0.172269999980927
1.213489055633545 3.643394947052002 -0.128685995936394
1.151690959930420 3.671888113021851 -0.187763005495071
1.510035037994385 3.624474048614502 0.176051005721092
1.209357976913452 3.649028062820435 -0.124376997351646
1.451786994934082 3.656970024108887 0.118377000093460
1.147658944129944 3.663244962692261 -0.183706000447273
1.508576035499573 3.645569086074829 0.181602001190186
1.445633053779602 3.645026922225952 0.122510001063347
1.143350958824158 3.667423963546753 -0.179391995072365
1.441069006919861 3.645148992538452 0.127032995223999
1.379799962043762 3.656155109405518 0.068489998579025
1.439576983451843 3.669267892837524 0.132422000169754
1.373458027839661 3.640192031860352 0.072696998715401
1.368456959724426 3.636091947555542 0.077114999294281
1.364848971366882 3.644753932952881 0.081808999180794
1.241243004798889 3.657752990722656 -0.035592999309301
1.236400961875916 3.653527975082397 -0.031045999377966
1.233499050140381 3.663558006286621 -0.027517000213265
1.224776029586792 3.668735027313232 -0.018512999638915
1.523118019104004 3.646661996841431 0.289139002561569
1.218672037124634 3.645916938781738 -0.013906000182033
1.515419006347656 3.626116991043091 0.292008996009827
1.213945031166077 3.642805099487305 -0.009407999925315
1.510836958885193 3.619975090026855 0.295107990503311
1.209517002105713 3.644125938415527 -0.004923999775201
1.332623958587646 3.668865919113159 0.116811998188496
1.506811976432800 3.623667001724243 0.299905002117157
1.207201004028320 3.664165973663330 -0.001342999981716
1.326145052909851 3.649426937103271 0.120700001716614
1.504184961318970 3.636938095092773 0.305514991283417
1.321115016937256 3.644506931304932 0.125036001205444
1.379587054252625 3.643316984176636 0.187401995062828
1.317985057830811 3.659434080123901 0.130064994096756
1.373005032539368 3.625173091888428 0.190951004624367
1.074025034904480 3.672229051589966 -0.110115997493267
1.368036031723022 3.621284008026123 0.195222005248070
1.068964004516602 3.652189016342163 -0.105039998888969
1.364012002944946 3.625991106033325 0.199957996606827
1.064437985420227 3.650911092758179 -0.100530996918678
1.362570047378540 3.646346092224121 0.204685002565384
1.060163021087646 3.659693002700806 -0.096291996538639
1.118896007537842 3.662717103958130 -0.033801998943090
1.360479950904846 3.669610977172852 0.210525006055832
1.114493966102600 3.665786027908325 -0.029334999620914
1.221902966499329 3.670001029968262 0.105788998305798
1.215829014778137 3.647582054138184 0.109628997743130
1.395115017890930 3.656152963638306 0.295374989509583
1.211848020553589 3.642260074615479 0.113053001463413
1.388669967651367 3.640028953552246 0.298575997352600
1.207530021667480 3.645493030548096 0.117634996771812
1.384232044219971 3.641181945800781 0.303175985813141
1.203168988227844 3.648169994354248 0.122207000851631
1.379899024963379 3.643290996551514 0.307859987020493
1.198784947395325 3.650603055953979 0.126775994896889
1.376682996749878 3.647259950637817 0.311805009841919
1.194941043853760 3.661907911300659 0.131668999791145
1.070796012878418 3.657453060150146 0.013729000464082
1.066041946411133 3.648574113845825 0.018157999962568
1.061519980430603 3.648040056228638 0.022616000846028
1.058326959609985 3.665247917175293 0.026308000087738
0.995281994342804 3.661180019378662 -0.031922001391649
0.990777015686035 3.662533044815063 -0.027467999607325
1.222697973251343 3.667808055877686 0.225278005003929
1.280508041381836 3.668661117553711 0.289281994104385
1.216372966766357 3.641933917999268 0.228172004222870
1.274598002433777 3.652815103530884 0.292540013790131
1.211292982101440 3.633826017379761 0.232135996222496
1.270267009735107 3.644601106643677 0.295480012893677
1.207432985305786 3.644143104553223 0.237280994653702
1.265781998634338 3.645498991012573 0.300051987171173
1.084306955337524 3.655627965927124 0.119763001799583
1.204753994941711 3.673353910446167 0.243704006075859
1.263187050819397 3.670094966888428 0.306605011224747
1.079550981521606 3.648282051086426 0.123988002538681
1.074923992156982 3.644825935363770 0.128332003951073
1.071252942085266 3.642927885055542 0.131831005215645
1.066697001457214 3.641638994216919 0.136240005493164
1.062176942825317 3.641664028167725 0.140697002410889
1.058138966560364 3.661775112152100 0.145953997969627
0.922104001045227 3.658215045928955 0.040240000933409
0.917679011821747 3.651267051696777 0.044601999223232
1.156162023544312 3.673197031021118 0.291606992483139
0.913119971752167 3.653914928436279 0.049074001610279
1.151541948318481 3.654036998748779 0.293682992458344
0.908336997032166 3.669440031051636 0.053741000592709
1.146659016609192 3.647403955459595 0.297639012336731
1.143756985664368 3.663033008575439 0.302520990371704
0.958481013774872 3.663917064666748 0.124659001827240
0.953916013240814 3.667882919311523 0.129262998700142
1.073500990867615 3.654088973999023 0.250690013170242
1.068683981895447 3.644439935684204 0.254498988389969
1.064146995544434 3.644714117050171 0.258989006280899
0.941155016422272 3.668747901916504 0.141810998320580
1.059985041618347 3.660284042358398 0.264586001634598
0.928439974784851 3.664180040359497 0.154133006930351
0.924070000648499 3.649379968643188 0.157956004142761
0.919530987739563 3.649359941482544 0.162401005625725
0.914803028106689 3.661775112152100 0.167413994669914
1.034487962722778 3.664963006973267 0.290107011795044
1.029806971549988 3.658648967742920 0.294097006320953
1.025311946868896 3.663614034652710 0.298992991447449
0.835588991641998 3.666738986968994 0.124925002455711
0.831104993820190 3.664659976959229 0.129300996661186
0.932255983352661 3.664228916168213 0.269717991352081
0.927918016910553 3.643165111541748 0.272623986005783
0.924287021160126 3.642115116119385 0.276109993457794
0.919574975967407 3.653361082077026 0.281432002782822
0.914820015430450 3.665605068206787 0.286861002445221
0.910340011119843 3.658952951431274 0.290818005800247
0.905831992626190 3.654742956161499 0.294955998659134
0.901893973350525 3.669569969177246 0.299746006727219
0.770224988460541 3.657279014587402 0.188501998782158
0.765779972076416 3.654887914657593 0.192814007401466
0.788536012172699 3.659169912338257 0.290383011102676
0.784456014633179 3.648864984512329 0.294018000364304
0.780044972896576 3.645355939865112 0.298184990882874
0.775483012199402 3.644830942153931 0.302592009305954
0.770843029022217 3.645694017410278 0.307114988565445
0.766492009162903 3.657824993133545 0.311711013317108
1.689820051193237 3.677453041076660 -0.595477998256683
1.679666042327881 3.649859905242920 -0.586217999458313
1.674404978752136 3.642302036285400 -0.581182003021240
1.671092033386230 3.649713039398193 -0.577580988407135
1.681442975997925 3.646177053451538 -0.464210987091064
1.676028966903687 3.642709016799927 -0.459062993526459
1.672317981719971 3.648020982742310 -0.455022990703583
1.600679993629456 3.662981033325195 -0.506353020668030
1.595440983772278 3.659908056259155 -0.501208007335663
1.589836001396179 3.654607057571411 -0.495772987604141
1.585438966751099 3.656392097473145 -0.491308003664017
1.580937027931213 3.651937961578369 -0.486950993537903
1.577993035316467 3.662451982498169 -0.483646005392075
1.685349941253662 3.642606019973755 -0.346509009599686
1.676964998245239 3.623904943466187 -0.340106010437012
1.672224998474121 3.623740911483765 -0.335469990968704
1.667904019355774 3.625741958618164 -0.331037014722824
1.667289018630981 3.642194032669067 -0.328828990459442
1.532119989395142 3.656837940216064 -0.437994986772537
1.525814056396484 3.646095037460327 -0.432065010070801
1.654744982719421 3.676217079162598 -0.313216000795364
1.521494984626770 3.648300886154175 -0.427684009075165
1.650845050811768 3.675705909729004 -0.309442996978760
1.519322991371155 3.664850950241089 -0.424964994192123
1.696971058845520 3.671730995178223 -0.232102006673813
1.686082959175110 3.635837078094482 -0.226160004734993
1.680492997169495 3.631411075592041 -0.221303001046181
1.557224988937378 3.657829046249390 -0.340425014495850
1.680449008941650 3.655450105667114 -0.218159005045891
1.551553964614868 3.651628017425537 -0.335233986377716
1.547130942344666 3.653213977813721 -0.330765992403030
1.543872952461243 3.662245988845825 -0.326963990926743
1.536939978599548 3.671919107437134 -0.319496989250183
1.657907009124756 3.656548023223877 -0.196136996150017
1.528504014015198 3.647459030151367 -0.312775999307632
1.651206970214844 3.646018028259277 -0.190992996096611
1.523079991340637 3.642407894134521 -0.307758986949921
1.647529959678650 3.651619911193848 -0.186702996492386
1.519441962242126 3.649122953414917 -0.303739011287689
1.648121953010559 3.675301074981689 -0.184224992990494
1.702895998954773 3.674546003341675 -0.115792997181416
1.688151001930237 3.624233961105347 -0.109673000872135
1.681066036224365 3.612154960632324 -0.104790002107620
1.679092049598694 3.626039981842041 -0.100661002099514
1.681640982627869 3.663381099700928 -0.097121998667717
1.430343985557556 3.660284996032715 -0.336708992719650
1.425817966461182 3.661104917526245 -0.332201004028320
1.541720032691956 3.673085927963257 -0.202968999743462
1.532022953033447 3.640692949295044 -0.196636006236076
1.526303052902222 3.633721113204956 -0.191727995872498
1.521420001983643 3.632134914398193 -0.187117993831635
1.519448041915894 3.643663883209229 -0.184081003069878
1.700816988945007 3.661007881164551 0.005107999779284
1.688711047172546 3.623938083648682 0.009556000120938
1.630646944046021 3.653942108154297 -0.049550000578165
1.682458996772766 3.616080045700073 0.014023999683559
1.623088955879211 3.638097047805786 -0.044817999005318
1.678267955780029 3.618633985519409 0.018523000180721
1.376670956611633 3.659529924392700 -0.283679991960526
1.618373990058899 3.637962102890015 -0.040300998836756
1.677693963050842 3.634964942932129 0.022213000804186
1.370470046997070 3.645041942596436 -0.278028011322021
1.616176962852478 3.652045965194702 -0.035927001386881
1.678287982940674 3.662394046783447 0.026921000331640
1.367380023002625 3.650392055511475 -0.274809986352921
1.535846948623657 3.658062934875488 -0.077637001872063
1.410238981246948 3.665874958038330 -0.195418000221252
1.527974963188171 3.637239933013916 -0.072692997753620
1.709738016128540 3.635727882385254 0.112145997583866
1.404265046119690 3.654607057571411 -0.190294995903969
1.522886037826538 3.634351015090942 -0.068139001727104
1.704360008239746 3.632493019104004 0.116535998880863
1.398751974105835 3.647003889083862 -0.185387998819351
1.522122979164124 3.653887987136841 -0.064891003072262
1.700335979461670 3.635943889617920 0.121140003204346
1.393614053726196 3.642447948455811 -0.180653005838394
1.698214054107666 3.648957014083862 0.126081004738808
1.389446973800659 3.638235092163086 -0.176847994327545
1.691328048706055 3.638107061386108 0.130198001861572
1.384881973266602 3.638500928878784 -0.172367006540298
1.685654044151306 3.628473043441772 0.133436992764473
1.380357027053833 3.639105081558228 -0.167904004454613
1.683614969253540 3.642071962356567 0.138430997729301
1.375946044921875 3.640744924545288 -0.163488000631332
1.500430941581726 3.658684015274048 -0.043287001550198
1.684905052185059 3.672945022583008 0.144135996699333
1.371227979660034 3.639621019363403 -0.158950001001358
1.494084000587463 3.646981954574585 -0.038649998605251
1.368626952171326 3.649442911148071 -0.155780002474785
1.491477966308594 3.661328077316284 -0.034288000315428
1.614863991737366 3.667567014694214 0.088609002530575
1.606953978538513 3.643927097320557 0.091632001101971
1.601521015167236 3.639643907546997 0.096009001135826
1.596112012863159 3.635425090789795 0.100376002490520
1.532767057418823 3.634185075759888 0.041476998478174
1.591740012168884 3.637197017669678 0.104904003441334
1.525406002998352 3.616533994674683 0.045726999640465
1.586467981338501 3.633685111999512 0.109275996685028
1.520766019821167 3.616432905197144 0.050175998359919
1.582792043685913 3.634037971496582 0.112865000963211
1.280267953872681 3.672174930572510 -0.188513994216919
1.518138051033020 3.629646062850952 0.054823998361826
1.579027056694031 3.639437913894653 0.117509998381138
1.275277018547058 3.656490087509155 -0.184118002653122
1.518581986427307 3.663594007492065 0.059842001646757
1.577244043350220 3.656843900680542 0.122570000588894
1.270238041877747 3.650943994522095 -0.179359003901482
1.693925023078918 3.641499996185303 0.249478995800018
1.266780972480774 3.664752006530762 -0.175542995333672
1.687556982040405 3.633152008056641 0.253376990556717
1.379863977432251 3.637002944946289 -0.048934001475573
1.686553001403809 3.652017116546631 0.259184986352921
1.375112056732178 3.627403020858765 -0.045244999229908
1.370841026306152 3.630248069763184 -0.040828999131918
1.366083025932312 3.628695964813232 -0.036362998187542
1.361492037773132 3.628645896911621 -0.031916998326778
1.358163952827454 3.640433073043823 -0.027560999616981
1.539082050323486 3.646657943725586 0.157170996069908
1.532307982444763 3.627058029174805 0.159887000918388
1.660696983337402 3.660190105438232 0.285863012075424
1.525992989540100 3.616183996200562 0.163844004273415
1.654765963554382 3.653774976730347 0.289851009845734
1.521111011505127 3.614516019821167 0.168200999498367
1.652578949928284 3.667370080947876 0.295433998107910
1.221585035324097 3.648175954818726 -0.131907001137733
1.465289950370789 3.663479089736938 0.111092999577522
1.518111944198608 3.625260114669800 0.173145994544029
1.216197013854980 3.636023998260498 -0.127030000090599
1.457797050476074 3.642364978790283 0.114914998412132
1.518046975135803 3.655750989913940 0.179084002971649
1.211912989616394 3.640022993087769 -0.122730001807213
1.452533960342407 3.637645006179810 0.119221001863480
1.208492040634155 3.657414913177490 -0.118856996297836
1.449900984764099 3.652846097946167 0.124191001057625
1.382573008537292 3.644319057464600 0.068735003471375
1.376883983612061 3.634732007980347 0.072996996343136
1.372562050819397 3.637283086776733 0.077492997050285
1.370484948158264 3.660398006439209 0.082456998527050
1.245152950286865 3.656132936477661 -0.035167001187801
1.240296006202698 3.652539968490601 -0.030683999881148
1.543812990188599 3.671963930130005 0.278562992811203
1.236011028289795 3.656687974929810 -0.026266999542713
1.532940030097961 3.632157087326050 0.279992997646332
1.233412981033325 3.671663999557495 -0.022799000144005
1.526095032691956 3.617891073226929 0.283325999975204
1.228399038314819 3.665936946868896 -0.018302999436855
1.521410942077637 3.617547035217285 0.287730008363724
1.221986055374146 3.639776945114136 -0.013744999654591
1.518749952316284 3.624439954757690 0.291830003261566
1.216858029365540 3.631568908691406 -0.009298999793828
1.339802026748657 3.668503046035767 0.113084003329277
1.517097949981689 3.644330024719238 0.297894001007080
1.212833046913147 3.639560937881470 -0.004894999787211
1.334067940711975 3.648247003555298 0.116017997264862
1.393661975860596 3.664359092712402 0.180126994848251
1.209738969802856 3.662082910537720 -0.000475000008009
1.328930020332336 3.642924070358276 0.120288997888565
1.384799957275391 3.627532958984375 0.182744994759560
1.325961947441101 3.659775018692017 0.125305995345116
1.378651022911072 3.613871097564697 0.186468005180359
1.374122023582458 3.614384889602661 0.190905004739761
1.372917056083679 3.628310918807983 0.194297000765800
1.371436953544617 3.656763076782227 0.200281992554665
1.121832966804504 3.663527965545654 -0.034506998956203
1.117951989173889 3.658206939697266 -0.030913999304175
1.113708019256592 3.666659116744995 -0.026548000052571
1.228067994117737 3.657047033309937 0.099809996783733
1.406654953956604 3.651968955993652 0.285216987133026
1.222581982612610 3.631145954132080 0.102629996836185
1.400632977485657 3.632520914077759 0.287247985601425
1.217839002609253 3.628644943237305 0.106964997947216
1.396047949790955 3.632824897766113 0.291707992553711
1.213299036026001 3.629093885421753 0.111383996903896
1.391834020614624 3.636327028274536 0.296429991722107
1.209148049354553 3.635452985763550 0.115990996360779
1.387415051460266 3.638117074966431 0.301019012928009
1.204537034034729 3.634944915771484 0.120384998619556
1.385313034057617 3.660356998443604 0.307327985763550
1.201092958450317 3.638371944427490 0.124030001461506
1.197438001632690 3.653273105621338 0.128969997167587
1.073905944824219 3.654402971267700 0.011525000445545
1.069061040878296 3.644439935684204 0.015892999246716
1.064514040946960 3.645045995712280 0.020293999463320
1.060307025909424 3.659466028213501 0.024790000170469
1.229652047157288 3.671127080917358 0.219475001096725
1.286712050437927 3.663249969482422 0.282777994871140
1.223976969718933 3.642932891845703 0.221330001950264
1.281183004379272 3.641988992691040 0.284684002399445
1.218829035758972 3.634965896606445 0.225261002779007
1.275925993919373 3.634346961975098 0.288513004779816
1.214866995811462 3.644335985183716 0.230268001556396
1.271500945091248 3.636512041091919 0.293112009763718
1.268908023834229 3.661170959472656 0.299558013677597
1.087208032608032 3.654834985733032 0.117260999977589
1.082244038581848 3.642776966094971 0.121274001896381
1.077671051025391 3.642961978912354 0.125679999589920
1.073879957199097 3.638495922088623 0.129041001200676
1.069218039512634 3.635304927825928 0.133316993713379
1.064746022224426 3.639087915420532 0.137849003076553
1.060840964317322 3.666193008422852 0.143300995230675
1.158774018287659 3.664035081863403 0.286678999662399
1.153380036354065 3.648909091949463 0.289925009012222
1.148872017860413 3.651078939437866 0.294530004262924
1.145184993743896 3.670582056045532 0.300559997558594
1.082476973533630 3.658072948455811 0.239902004599571
1.077267050743103 3.637973070144653 0.242985993623734
0.954720973968506 3.660763978958130 0.126163005828857
1.072425961494446 3.629199981689453 0.246792003512383
0.950142979621887 3.656097888946533 0.130397006869316
1.067813992500305 3.628092050552368 0.251107007265091
0.945529997348785 3.658174991607666 0.134867995977402
1.063653945922852 3.644539117813110 0.256655991077423
0.940979003906250 3.651576042175293 0.139013007283211
0.936462998390198 3.642896890640259 0.143059998750687
0.932693004608154 3.652831077575684 0.146962001919746
0.928179025650024 3.645303964614868 0.151039004325867
0.923628985881805 3.642060995101929 0.155279994010925
0.918985009193420 3.645986080169678 0.159828007221222
0.914035975933075 3.669173955917358 0.165252998471260
1.033470034599304 3.657171010971069 0.286756992340088
1.028684973716736 3.647284030914307 0.290396004915237
1.024075984954834 3.647665023803711 0.294842004776001
1.019695043563843 3.665085077285767 0.300686985254288
0.936878025531769 3.671127080917358 0.262163013219833
0.932519018650055 3.643105030059814 0.264557003974915
0.927992999553680 3.635489940643311 0.268388986587524
0.923259973526001 3.645469903945923 0.273523002862930
0.918263971805573 3.672223091125488 0.279960989952087
0.905363023281097 3.664477109909058 0.291750997304916
0.900892019271851 3.655009031295776 0.295408010482788
0.896062016487122 3.664488077163696 0.300597012042999
0.781031012535095 3.651612043380737 0.290838986635208
0.777128994464874 3.637373924255371 0.294081002473831
0.772467970848083 3.637746095657349 0.298487991094589
0.768750011920929 3.637801885604858 0.301995009183884
0.763360977172852 3.650939941406250 0.307480007410049
1.657778978347778 3.659367084503174 -0.659116983413696
1.653360962867737 3.660938024520874 -0.654525995254517
1.650400042533875 3.670367002487183 -0.651331007480621
1.676234960556030 3.649527072906494 -0.552093029022217
1.669749975204468 3.640288114547729 -0.545907974243164
1.667029023170471 3.650619983673096 -0.542661011219025
1.633177995681763 3.660650014877319 -0.507750988006592
1.627289056777954 3.654005050659180 -0.502067983150482
1.622473001480103 3.653249979019165 -0.497207999229431
1.685755014419556 3.670919895172119 -0.436129987239838
1.618396043777466 3.656639099121094 -0.492913007736206
1.674672961235046 3.638156890869141 -0.427518010139465
1.615177989006042 3.664937973022461 -0.489268988370895
1.668900012969971 3.632529973983765 -0.422149002552032
1.667387008666992 3.644188880920410 -0.419728010892868
1.667688965797424 3.670460939407349 -0.418004006147385
1.661357998847961 3.661946058273315 -0.412299990653992
1.655943036079407 3.658183097839355 -0.407150000333786
1.527320981025696 3.661326885223389 -0.524859011173248
1.521432995796204 3.653009891510010 -0.518935978412628
1.520601034164429 3.678308010101318 -0.517772018909454
1.685825943946838 3.662071943283081 -0.312655985355377
1.677216053009033 3.642045021057129 -0.306281000375748
1.492954969406128 3.673299074172974 -0.489589005708694
1.672070980072021 3.639693975448608 -0.301423996686935
1.487467050552368 3.667210102081299 -0.484061986207962
1.671422958374023 3.660772085189819 -0.298487007617950
1.592766046524048 3.661283016204834 -0.343549013137817
1.531445980072021 3.672485113143921 -0.404139012098312
1.587219953536987 3.650569915771484 -0.338813990354538
1.522935032844543 3.647016048431396 -0.396674007177353
1.583703041076660 3.657341957092285 -0.334776014089584
1.517171978950500 3.639379978179932 -0.391193985939026
1.513982057571411 3.648864984512329 -0.387555986642838
1.693266034126282 3.650839090347290 -0.199018001556396
1.684463977813721 3.630038976669312 -0.193277999758720
1.678655982017517 3.624262094497681 -0.188373997807503
1.674476981163025 3.626780033111572 -0.183908000588417
1.670972943305969 3.632812023162842 -0.179611995816231
1.671427011489868 3.659568071365356 -0.176302999258041
1.669296026229858 3.668134927749634 -0.173003003001213
1.529893994331360 3.657962083816528 -0.280930012464523
1.467707037925720 3.667428016662598 -0.340119987726212
1.522078990936279 3.637000083923340 -0.274720013141632
1.462036967277527 3.659583091735840 -0.334760993719101
1.517706990242004 3.638550996780396 -0.270238012075424
1.457649946212769 3.661211013793945 -0.330278992652893
1.514546036720276 3.648221969604492 -0.266348987817764
1.513802051544189 3.674384117126465 -0.263621002435684
1.566779971122742 3.656601905822754 -0.195148006081581
1.691712021827698 3.666029930114746 -0.073077999055386
1.561751008033752 3.654261112213135 -0.190421000123024
1.680642962455750 3.628792047500610 -0.068686001002789
1.558194041252136 3.661036014556885 -0.186166003346443
1.673966050148010 3.618479013442993 -0.063942998647690
1.371150970458984 3.654315948486328 -0.366104006767273
1.671911001205444 3.631925106048584 -0.059618998318911
1.365721940994263 3.646286010742188 -0.360704988241196
1.672775030136108 3.660747051239014 -0.055497001856565
1.362092018127441 3.654824018478394 -0.356947004795074
1.665755987167358 3.673346996307373 -0.046472001820803
1.657052993774414 3.647170066833496 -0.042482998222113
1.650220990180969 3.635665893554688 -0.037792999297380
1.524700999259949 3.648519039154053 -0.154375001788139
1.647963047027588 3.648607969284058 -0.033358000218868
1.341910958290100 3.671336889266968 -0.336412996053696
1.519906997680664 3.641264915466309 -0.150417998433113
1.336312055587769 3.661051988601685 -0.330877989530563
1.517689943313599 3.657254934310913 -0.146497994661331
1.331962943077087 3.663140058517456 -0.326474994421005
1.690835952758789 3.655749082565308 0.047830998897552
1.439838051795959 3.654046058654785 -0.191493004560471
1.679687976837158 3.622848033905029 0.051924999803305
1.434347033500671 3.646998882293701 -0.186564996838570
1.673516988754272 3.615071058273315 0.056327000260353
1.372660994529724 3.656248092651367 -0.245295003056526
1.430240035057068 3.650775909423828 -0.182198002934456
1.671470999717712 3.628524065017700 0.061064999550581
1.367089986801147 3.647041082382202 -0.240122005343437
1.427350997924805 3.664376974105835 -0.178302004933357
1.673002004623413 3.660764932632446 0.066174000501633
1.363265991210938 3.645378112792969 -0.236370995640755
1.360757946968079 3.664560079574585 -0.233043000102043
1.538007974624634 3.661043882369995 -0.044934999197721
1.528756976127625 3.631104946136475 -0.040043000131845
1.523056030273438 3.623924016952515 -0.035450000315905
1.518617987632751 3.624955892562866 -0.030946999788284
1.648762941360474 3.666791915893555 0.090954996645451
1.514230012893677 3.626324892044067 -0.026445999741554
1.639018058776855 3.639328002929688 0.094802998006344
1.513375043869019 3.645237922668457 -0.022957000881433
1.632545948028564 3.629395008087158 0.099059000611305
1.628167033195496 3.630858898162842 0.103615000844002
1.624317049980164 3.635271072387695 0.108260996639729
1.684381008148193 3.635462999343872 0.171296000480652
1.618952035903931 3.631256103515625 0.112654998898506
1.318603038787842 3.673105001449585 -0.190629005432129
1.676903009414673 3.621084928512573 0.175119996070862
1.374668002128601 3.653398990631104 -0.126845002174377
1.614896059036255 3.629326105117798 0.116203002631664
1.312775015830994 3.659739971160889 -0.185394003987312
1.673969984054565 3.629940032958984 0.180059000849724
1.368324995040894 3.637243986129761 -0.121771000325680
1.611696958541870 3.637475967407227 0.120981998741627
1.308616995811462 3.664074897766113 -0.181069999933243
1.675361037254333 3.661350965499878 0.186166003346443
1.364071965217590 3.640014886856079 -0.117348998785019
1.611616015434265 3.663537979125977 0.126398995518684
1.361776947975159 3.661138057708740 -0.113491997122765
1.413203954696655 3.670444965362549 -0.041917998343706
1.407129049301147 3.658200979232788 -0.037248000502586
1.527289032936096 3.644262075424194 0.083777002990246
1.403208971023560 3.656146049499512 -0.033606000244617
1.519598960876465 3.624033927917480 0.087802998721600
1.218217968940735 3.648046016693115 -0.212602004408836
1.400630950927734 3.673322916030884 -0.029217999428511
1.514927029609680 3.623522043228149 0.092280000448227
1.213454961776733 3.644364118576050 -0.207886993885040
1.510406017303467 3.624002933502197 0.096781000494957
1.209419012069702 3.651607036590576 -0.203793004155159
1.506482958793640 3.628528118133545 0.101395003497601
1.505205988883972 3.644875049591064 0.105461001396179
1.504171967506409 3.669476032257080 0.110714003443718
1.375802993774414 3.649060010910034 -0.007371000014246
1.497683048248291 3.656704902648926 0.114853002130985
1.193446993827820 3.671350002288818 -0.187693998217583
1.370048046112061 3.638345003128052 -0.002856000093743
1.490694999694824 3.640208005905151 0.118837997317314
1.188367009162903 3.662347078323364 -0.182723000645638
1.365411996841431 3.637674093246460 0.001634999993257
1.486564993858337 3.643563985824585 0.123452998697758
1.183784008026123 3.661469936370850 -0.178172007203102
1.362138032913208 3.649652957916260 0.006144000217319
1.485489964485168 3.668714046478271 0.128840997815132
1.179985046386719 3.674256086349487 -0.174272999167442
1.360178947448730 3.674287080764771 0.010719000361860
1.287196040153503 3.666054010391235 -0.039384998381138
1.527564048767090 3.644439935684204 0.204298004508018
1.225317001342773 3.671899080276489 -0.098048999905586
1.281177043914795 3.649091958999634 -0.034710001200438
1.519139051437378 3.619390010833740 0.207368001341820
1.219405055046082 3.652108907699585 -0.093029998242855
1.276095032691956 3.642780065536499 -0.030168000608683
1.513659954071045 3.613488912582397 0.211496993899345
1.215139985084534 3.642663002014160 -0.089207999408245
1.273422002792358 3.654359102249146 -0.026667000725865
1.511865973472595 3.632181882858276 0.217079997062683
1.210628032684326 3.642836093902588 -0.084737002849579
1.270231962203979 3.671075105667114 -0.022274000570178
1.511939048767090 3.657537937164307 0.222211003303528
1.207671999931335 3.667042970657349 -0.080796003341675
1.508510947227478 3.665765047073364 0.227238997817039
1.565114021301270 3.650768995285034 0.290580987930298
1.378805041313171 3.642277002334595 0.108654998242855
1.503787040710449 3.665225982666016 0.231732994318008
1.558809041976929 3.640500068664551 0.294265985488892
1.373837947845459 3.630543947219849 0.111882999539375
1.499776959419250 3.669612884521484 0.236542999744415
1.556368947029114 3.648367881774902 0.298510998487473
1.368358969688416 3.622210979461670 0.116088002920151
1.495573043823242 3.672717094421387 0.241277992725372
1.364117026329041 3.625041961669922 0.120641998946667
1.360437989234924 3.633181095123291 0.125385001301765
1.357067942619324 3.644414901733398 0.130259007215500
1.220996022224426 3.660378932952881 0.025420999154449
1.159050941467285 3.660048961639404 -0.033091001212597
1.214961051940918 3.638478040695190 0.029727999120951
1.154430985450745 3.658524036407471 -0.028602000325918
1.210165023803711 3.634491920471191 0.034148998558521
1.150522947311401 3.671422004699707 -0.024212000891566
1.206231951713562 3.643667936325073 0.038697998970747
1.203263998031616 3.668389081954956 0.043453000485897
1.443995952606201 3.654725074768066 0.287901014089584
1.380419969558716 3.648077011108398 0.227996006608009
1.437145948410034 3.637346029281616 0.291018009185791
1.372985959053040 3.622538089752197 0.230858996510506
1.432387948036194 3.636059999465942 0.295399010181427
1.367648959159851 3.615467071533203 0.234858006238937
1.429368019104004 3.648552894592285 0.300913006067276
1.248178958892822 3.664655923843384 0.119713999330997
1.364941954612732 3.624038934707642 0.238983005285263
1.065099000930786 3.660371065139771 -0.060717001557350
1.428524971008301 3.671310901641846 0.306412011384964
1.242840051651001 3.654495000839233 0.123861998319626
1.364284992218018 3.660271883010864 0.245876997709274
1.061154961585999 3.647557020187378 -0.056949000805616
1.239770054817200 3.662427902221680 0.127721995115280
1.056885957717896 3.657886028289795 -0.052654001861811
1.216001033782959 3.649362087249756 0.149618998169899
1.035356998443604 3.669478893280029 -0.031383998692036
1.211822986602783 3.641396045684814 0.152860000729561
1.030681967735291 3.661586046218872 -0.026863999664783
1.207172036170959 3.639869928359985 0.157251998782158
1.026291966438293 3.671022891998291 -0.022469999268651
1.204511046409607 3.669409990310669 0.163020998239517
1.318716049194336 3.655555963516235 0.289629012346268
1.313603043556213 3.640342950820923 0.292005002498627
1.070848941802979 3.659194946289062 0.053550001233816
1.308984994888306 3.639904975891113 0.296445995569229
1.065863966941833 3.642577886581421 0.057741999626160
1.305418014526367 3.650892972946167 0.301829993724823
1.123402953147888 3.660525083541870 0.121210001409054
1.061308026313782 3.641449928283691 0.062157001346350
1.118433952331543 3.650537967681885 0.125334993004799
1.057039022445679 3.652297973632812 0.066788002848625
1.113734960556030 3.646780014038086 0.129655003547668
1.053787946701050 3.668987989425659 0.070665001869202
1.110515952110291 3.657676935195923 0.133613005280495
1.214705944061279 3.634525060653687 0.268252998590469
1.210343956947327 3.623737096786499 0.271012008190155
1.206416010856628 3.633184909820557 0.276174008846283
1.203552961349487 3.659723043441772 0.282678991556168
1.194386005401611 3.659905910491943 0.291669994592667
1.070006966590881 3.644757032394409 0.172251999378204
1.188943028450012 3.645715951919556 0.295010000467300
1.065238952636719 3.636436939239502 0.176292002201080
1.185189008712769 3.644088983535767 0.298453003168106
1.060752034187317 3.638597965240479 0.180831000208855
1.181386947631836 3.657396078109741 0.304028004407883
1.057680964469910 3.662143945693970 0.185571998357773
0.996188998222351 3.660881996154785 0.126589998602867
0.991607010364532 3.657476902008057 0.130915999412537
0.988013029098511 3.668375015258789 0.134871006011963
0.921667993068695 3.657953977584839 0.079646997153759
0.917277991771698 3.646742105484009 0.083818003535271
0.912762999534607 3.645164012908936 0.088192999362946
0.908057987689972 3.654937028884888 0.092853002250195
1.075454950332642 3.652081012725830 0.287310004234314
1.071316003799438 3.634972095489502 0.289519995450974
1.066661953926086 3.631355047225952 0.293673008680344
1.062188982963562 3.634537935256958 0.298375010490417
1.057845950126648 3.643507957458496 0.303566992282867
0.868568003177643 3.665427923202515 0.131255999207497
0.925815999507904 3.659698963165283 0.194989994168282
0.863933980464935 3.667361974716187 0.135760992765427
0.921473979949951 3.641891002655029 0.198461994528770
0.917849004268646 3.640360116958618 0.201914995908737
0.913120985031128 3.651237010955811 0.206951007246971
0.946682989597321 3.666017055511475 0.293889999389648
0.943086028099060 3.654063940048218 0.296496003866196
0.938486993312836 3.654793977737427 0.301012992858887
0.933869004249573 3.657109022140503 0.305664002895355
0.929413020610809 3.644273042678833 0.309035986661911
0.924823999404907 3.644582033157349 0.313508003950119
0.765905022621155 3.659708976745605 0.230201005935669
0.823228001594543 3.673238992691040 0.294764012098312
0.762854993343353 3.648421049118042 0.233023002743721
0.819124996662140 3.660324096679688 0.298179000616074
0.757699012756348 3.657994031906128 0.238061994314194
0.814502000808716 3.660392045974731 0.302635997533798
0.809446990489960 3.670248985290527 0.307915002107620
1.704512953758240 3.655684947967529 -0.658280014991760
1.699892997741699 3.651616096496582 -0.653657019138336
1.695299029350281 3.652401924133301 -0.648936986923218
1.693483948707581 3.667262077331543 -0.646703004837036
1.685611963272095 3.675743103027344 -0.638441979885101
1.676609992980957 3.653841018676758 -0.629796981811523
1.671610951423645 3.647546052932739 -0.624849975109100
1.670796990394592 3.668015003204346 -0.623504996299744
1.690219044685364 3.664860963821411 -0.517670989036560
1.681046009063721 3.642220020294189 -0.509718000888824
1.675030946731567 3.635545969009399 -0.504042983055115
1.670526981353760 3.636607885360718 -0.499451994895935
1.666494011878967 3.640130996704102 -0.495198011398315
1.663493037223816 3.644151926040649 -0.491952985525131
1.659314990043640 3.646974086761475 -0.487594991922379
1.656159996986389 3.655267953872681 -0.483958989381790
1.685387969017029 3.639106988906860 -0.391613006591797
1.678189992904663 3.626394033432007 -0.385578006505966
1.556056976318359 3.663511991500854 -0.506978988647461
1.675397038459778 3.636204004287720 -0.381945013999939
1.550639986991882 3.658807039260864 -0.501608014106750
1.676411986351013 3.665889024734497 -0.380353003740311
1.545904040336609 3.658332109451294 -0.496827989816666
1.540590047836304 3.654134035110474 -0.491551995277405
1.536082029342651 3.655050039291382 -0.486972987651825
1.532366991043091 3.655085086822510 -0.483218014240265
1.527055978775024 3.650732994079590 -0.477952986955643
1.521669030189514 3.645792007446289 -0.472627013921738
1.517824053764343 3.651029109954834 -0.468623995780945
1.645660042762756 3.673660993576050 -0.349164009094238
1.516283035278320 3.671823024749756 -0.466589003801346
1.637930035591125 3.652092933654785 -0.343383014202118
1.633517026901245 3.653677940368652 -0.338869988918304
1.631723046302795 3.669800996780396 -0.335685998201370
1.688274979591370 3.646473884582520 -0.270951986312866
1.680521965026855 3.630979061126709 -0.265183001756668
1.676635980606079 3.635160923004150 -0.260868996381760
1.618872046470642 3.677155017852783 -0.322315007448196
1.676767945289612 3.660187959671021 -0.258017987012863
1.672469973564148 3.662445068359375 -0.253529012203217
1.668859958648682 3.668329000473022 -0.249284997582436
1.534602046012878 3.662830114364624 -0.361833989620209
1.526932001113892 3.643131971359253 -0.355264991521835
1.522719025611877 3.639796972274780 -0.351247996091843
1.519111037254333 3.646555900573730 -0.347279012203217
1.515750050544739 3.655077934265137 -0.343463003635406
1.509971022605896 3.647392988204956 -0.338124990463257
1.694890022277832 3.661228895187378 -0.153822004795074
1.506844043731689 3.657629013061523 -0.334450006484985
1.684496998786926 3.627707004547119 -0.148758992552757
1.678843021392822 3.622793912887573 -0.143996998667717
1.679785013198853 3.651738882064819 -0.140553995966911
1.612635970115662 3.660063982009888 -0.195115998387337
1.606057047843933 3.649255990982056 -0.189951002597809
1.602301001548767 3.649184942245483 -0.186278000473976
1.601256012916565 3.670301914215088 -0.182745993137360
1.532351970672607 3.646475076675415 -0.239439994096756
1.526947975158691 3.635432004928589 -0.235062003135681
1.656162977218628 3.671591043472290 -0.114580996334553
1.522178053855896 3.634476900100708 -0.230437994003296
1.705597043037415 3.639632940292358 -0.046544998884201
1.519855022430420 3.649739980697632 -0.226826995611191
1.697708010673523 3.623826026916504 -0.041809000074863
1.692764043807983 3.622554063796997 -0.037264000624418
1.390141010284424 3.662550926208496 -0.340121001005173
1.688588976860046 3.625140905380249 -0.032760001718998
1.384246945381165 3.651109933853149 -0.334479987621307
1.682997941970825 3.620549917221069 -0.028194999322295
1.379647970199585 3.650940895080566 -0.329890012741089
1.678205013275146 3.619970083236694 -0.023670999333262
1.375136017799377 3.651535034179688 -0.325370997190475
1.676813960075378 3.632044076919556 -0.020122999325395
1.370380043983459 3.649912118911743 -0.320659995079041
1.677346944808960 3.659060001373291 -0.015707999467850
1.366793036460876 3.650578022003174 -0.317066013813019
1.489438056945801 3.657428979873657 -0.196179002523422
1.364362001419067 3.670527935028076 -0.314211010932922
1.483093023300171 3.645287990570068 -0.190977007150650
1.478356957435608 3.644452095031738 -0.186385005712509
1.474359989166260 3.648936986923218 -0.182062998414040
1.537528991699219 3.670528888702393 -0.120319001376629
1.473281025886536 3.668010950088501 -0.179357007145882
1.528393030166626 3.641427993774414 -0.114828996360302
1.523331999778748 3.638627052307129 -0.110210001468658
1.521703958511353 3.652369022369385 -0.106989003717899
1.581184983253479 3.657226085662842 -0.043823000043631
1.573503971099854 3.639113903045654 -0.039080999791622
1.569514989852905 3.643143892288208 -0.034596998244524
1.690354943275452 3.634072065353394 0.087839998304844
1.568846940994263 3.667557954788208 -0.030272999778390
1.681875944137573 3.614856004714966 0.091863997280598
1.678141951560974 3.614859104156494 0.095453001558781
1.378973960876465 3.670046091079712 -0.206910997629166
1.674213051795959 3.618648052215576 0.100042998790741
1.371914982795715 3.647809028625488 -0.201130002737045
1.670637965202332 3.624305009841919 0.104694999754429
1.366974949836731 3.644512891769409 -0.196427002549171
1.667623996734619 3.632944107055664 0.109449997544289
1.363610029220581 3.655750036239624 -0.192499995231628
1.663972973823547 3.638353109359741 0.114122003316879
1.360344052314758 3.659543991088867 -0.189071998000145
1.658550024032593 3.634469985961914 0.118504002690315
1.355254054069519 3.654819965362549 -0.184301003813744
1.536200046539307 3.662192106246948 0.000653999974020
1.657369971275330 3.648082017898560 0.122562997043133
1.352532029151917 3.672708034515381 -0.180656999349594
1.526644945144653 3.630302906036377 0.005142999812961
1.657385945320129 3.673265933990479 0.127957999706268
1.520921945571899 3.623066902160645 0.009615999646485
1.517786026000977 3.626730918884277 0.013214999809861
1.515861034393311 3.644697904586792 0.017788000404835
1.456186056137085 3.668555021286011 -0.041048999875784
1.449056029319763 3.649607896804810 -0.036327000707388
1.696745991706848 3.660623073577881 0.209288999438286
1.444182991981506 3.647646903991699 -0.031801998615265
1.686872959136963 3.634524106979370 0.212292000651360
1.442752003669739 3.672367095947266 -0.027483999729156
1.562381029129028 3.651062011718750 0.093973003327847
1.681872010231018 3.632935047149658 0.216691002249718
1.375833034515381 3.640935897827148 -0.085955001413822
1.554795026779175 3.632905006408691 0.097993001341820
1.681017041206360 3.652614116668701 0.222379997372627
1.369876980781555 3.628458023071289 -0.081184998154640
1.549638032913208 3.629652976989746 0.102388001978397
1.365355014801025 3.628854036331177 -0.076719999313354
1.544996023178101 3.629590034484863 0.106866002082825
1.363333940505981 3.643955945968628 -0.073446996510029
1.541511058807373 3.630980968475342 0.110491998493671
1.536939024925232 3.631361007690430 0.114983998239040
1.234550952911377 3.662569046020508 -0.185569003224373
1.531584024429321 3.626674890518188 0.119309000670910
1.230497956275940 3.656898021697998 -0.181685000658035
1.526399970054626 3.623018026351929 0.123655997216702
1.226235985755920 3.661056041717529 -0.177393004298210
1.521566033363342 3.621587038040161 0.128071993589401
1.221590995788574 3.659792900085449 -0.172838002443314
1.517580986022949 3.625741004943848 0.132688000798225
1.216158032417297 3.646800041198730 -0.167747005820274
1.518268942832947 3.654953002929688 0.137358993291855
1.211480975151062 3.644732952117920 -0.163179993629456
1.207167029380798 3.648145914077759 -0.158858999609947
1.329432010650635 3.662436008453369 -0.038674999028444
1.323143959045410 3.645000934600830 -0.034014999866486
1.384664058685303 3.667184114456177 0.028558000922203
1.317952036857605 3.638555049896240 -0.029487999156117
1.377015948295593 3.640136957168579 0.032820001244545
1.314699053764343 3.652473926544189 -0.025118000805378
1.372048974037170 3.636717081069946 0.037255998700857
1.311679005622864 3.659410953521729 -0.021573999896646
1.368741035461426 3.648387908935547 0.041855998337269
1.608677029609680 3.652412891387939 0.291781991720200
1.603147029876709 3.647517919540405 0.295886009931564
1.419432044029236 3.665067911148071 0.114520996809006
1.600075006484985 3.656805992126465 0.301146000623703
1.413040041923523 3.642999887466431 0.117409996688366
1.407744050025940 3.637279987335205 0.121692001819611
1.528668999671936 3.637568950653076 0.244312003254890
1.403242945671082 3.638098955154419 0.126184999942780
1.520558953285217 3.614768981933594 0.247228994965553
1.223479986190796 3.666984081268311 -0.054124999791384
1.400645017623901 3.655072927474976 0.131258994340897
1.517006039619446 3.621740102767944 0.252160996198654
1.217520952224731 3.646667003631592 -0.049368001520634
1.516937017440796 3.645890951156616 0.257431000471115
1.212528944015503 3.640091896057129 -0.044831000268459
1.209656000137329 3.651715040206909 -0.041404999792576
1.391222953796387 3.653480052947998 0.140165999531746
1.209756016731262 3.653234958648682 -0.041423000395298
1.385750055313110 3.629879951477051 0.141931995749474
1.205708026885986 3.647078990936279 -0.037790000438690
1.380413055419922 3.623239994049072 0.146116003394127
1.201235055923462 3.648348093032837 -0.033348999917507
1.376454949378967 3.628766059875488 0.150786995887756
1.198143959045410 3.671905994415283 -0.029082000255585
1.373420000076294 3.642738103866577 0.155833005905151
1.492864012718201 3.659316062927246 0.283576011657715
1.485193967819214 3.638025999069214 0.286397010087967
1.480834960937500 3.639935016632080 0.291020989418030
1.479050040245056 3.653696060180664 0.295713990926743
1.294772982597351 3.653143882751465 0.114408999681473
1.290514945983887 3.646507978439331 0.117766998708248
1.228201031684875 3.659631967544556 0.059895999729633
1.286396980285645 3.651892900466919 0.122405000030994
1.222002983093262 3.636342048645020 0.063951000571251
1.218171000480652 3.633605957031250 0.067449003458023
1.215031981468201 3.654675006866455 0.072296999394894
1.387001037597656 3.634533882141113 0.260720998048782
1.087250947952271 3.673214912414551 -0.040782999247313
1.380548954010010 3.618202924728394 0.263985991477966
1.082010984420776 3.651385068893433 -0.036109000444412
1.376590967178345 3.623732089996338 0.268831014633179
1.077265977859497 3.644573926925659 -0.031619001179934
1.375285983085632 3.644973993301392 0.273981004953384
1.072569012641907 3.638844013214111 -0.027155000716448
1.373216986656189 3.668101072311401 0.280216008424759
1.068904042243958 3.637290000915527 -0.023614000529051
1.367710947990417 3.660128116607666 0.284092009067535
1.064340949058533 3.635912895202637 -0.019195999950171
1.360826969146729 3.639132976531982 0.286922991275787
1.060148954391479 3.649441957473755 -0.014844000339508
1.355857014656067 3.635667085647583 0.291105002164841
1.352239012718201 3.645005941390991 0.296319007873535
1.171113967895508 3.655241966247559 0.115052998065948
1.229704022407532 3.667968988418579 0.179368004202843
1.351122975349426 3.669764995574951 0.301928997039795
1.165889978408813 3.643263101577759 0.119108997285366
1.223258018493652 3.641566038131714 0.182519003748894
1.161499023437500 3.646553993225098 0.123654000461102
1.218966960906982 3.632375001907349 0.185601994395256
1.158048033714294 3.668354034423828 0.128856003284454
1.214913010597229 3.639966964721680 0.190429002046585
1.211693048477173 3.660470962524414 0.195963993668556
1.078511953353882 3.657949924468994 0.086682997643948
1.073482036590576 3.641814947128296 0.090717002749443
1.069697976112366 3.636635065078735 0.094114996492863
1.065371036529541 3.645032882690430 0.098751001060009
1.242305994033813 3.658600091934204 0.285405009984970
1.061339020729065 3.666145086288452 0.103766001760960
1.236269950866699 3.639132022857666 0.288332998752594
1.232171058654785 3.633172988891602 0.291411995887756
1.227496027946472 3.631822109222412 0.295742005109787
1.048395037651062 3.661228895187378 0.116048999130726
1.223173975944519 3.635508060455322 0.300484001636505
1.043660998344421 3.653608083724976 0.120232999324799
1.039041042327881 3.651051044464111 0.124571003019810
1.034791946411133 3.669248104095459 0.129636004567146
1.082777976989746 3.673685073852539 0.202264994382858
1.078070998191833 3.639369964599609 0.203911006450653
1.073214054107666 3.629234075546265 0.207751005887985
1.068784952163696 3.633939981460571 0.212432995438576
1.064900040626526 3.660113096237183 0.218408003449440
1.118978023529053 3.667052984237671 0.286579012870789
1.113698005676270 3.650194883346558 0.289709001779556
1.109251022338867 3.654103994369507 0.294470995664597
0.928853988647461 3.662530899047852 0.112580001354218
1.106204032897949 3.671190977096558 0.299425989389420
0.924485981464386 3.645122051239014 0.116440996527672
0.919941008090973 3.643708944320679 0.120788998901844
0.915391981601715 3.642676115036011 0.125146999955177
0.910812973976135 3.643584012985229 0.129571005702019
0.907029986381531 3.651084899902344 0.133359000086784
0.902032017707825 3.673827886581421 0.138619005680084
0.994044005870819 3.667191982269287 0.287411004304886
0.932798027992249 3.648423910140991 0.226923003792763
0.989331007003784 3.650008916854858 0.290497988462448
0.929228007793427 3.639199018478394 0.229872003197670
0.985639989376068 3.647797107696533 0.293866991996765
0.924642026424408 3.639528036117554 0.234297007322311
0.981092989444733 3.665170907974243 0.299719989299774
0.919734001159668 3.663192033767700 0.240253001451492
0.870499014854431 3.671875953674316 0.287937998771667
0.866324007511139 3.655363082885742 0.291070997714996
0.862695991992950 3.652951002120972 0.294418007135391
0.857760012149811 3.663157939910889 0.299677997827530
0.778701007366180 3.659878969192505 0.256330996751785
0.774944007396698 3.643412113189697 0.259573012590408
0.771349012851715 3.641562938690186 0.262955993413925
0.766191005706787 3.651222944259644 0.268058985471725
1.452600955963135 3.658121109008789 -0.652463018894196
1.445590019226074 3.651372909545898 -0.647119998931885
1.446830987930298 3.665477037429810 -0.645469009876251
1.319851040840149 3.650790929794312 -0.654752016067505
1.382213950157166 3.645574092864990 -0.587668001651764
1.312484025955200 3.644949913024902 -0.648588001728058
1.375391006469727 3.638763904571533 -0.582509994506836
1.306069016456604 3.641697883605957 -0.642903983592987
1.377074003219604 3.657294988632202 -0.580380976200104
1.302255988121033 3.645685911178589 -0.638504028320312
1.300595045089722 3.652786016464233 -0.635661005973816
1.304290056228638 3.677982091903687 -0.634907007217407
1.190428018569946 3.662595987319946 -0.654199004173279
1.181028962135315 3.649430036544800 -0.646780014038086
1.176779031753540 3.652112007141113 -0.642189979553223
1.180873036384583 3.677597999572754 -0.642596006393433
1.233837008476257 3.646100997924805 -0.571784973144531
1.224709987640381 3.634289979934692 -0.564931988716125
1.220937967300415 3.638319015502930 -0.560558021068573
1.223160982131958 3.660304069519043 -0.558920979499817
1.287678003311157 3.675017118453979 -0.491070002317429
1.274631977081299 3.652570009231567 -0.483094990253448
1.266834974288940 3.645024061203003 -0.477136999368668
1.264394998550415 3.649888038635254 -0.473805010318756
1.062476992607117 3.641841888427734 -0.656912982463837
1.263892054557800 3.663384914398193 -0.470582008361816
1.059319972991943 3.648164033889771 -0.653030991554260
1.057957053184509 3.660732984542847 -0.650246024131775
1.054113984107971 3.661298990249634 -0.646323025226593
1.050619959831238 3.666568040847778 -0.642221987247467
1.235810995101929 3.653578996658325 -0.445582985877991
1.224702000617981 3.635818958282471 -0.438510000705719
1.219784021377563 3.636351108551025 -0.433672010898590
1.217928051948547 3.642982959747314 -0.430537998676300
1.159245014190674 3.674743890762329 -0.494080007076263
1.220828056335449 3.666997909545898 -0.428442001342773
1.147086024284363 3.652224063873291 -0.486119002103806
1.140341043472290 3.643582105636597 -0.481034994125366
1.077965974807739 3.659852027893066 -0.543286025524139
1.134727954864502 3.641722917556763 -0.475879013538361
1.065914988517761 3.635822057723999 -0.534797012805939
1.129834055900574 3.642143964767456 -0.471029013395309
1.060719013214111 3.635036945343018 -0.529766976833344
1.129608035087585 3.657666921615601 -0.468115001916885
1.061902046203613 3.652760028839111 -0.528401970863342
0.934037983417511 3.678354978561401 -0.650909006595612
0.928156018257141 3.670651912689209 -0.645554006099701
0.924255013465881 3.674634933471680 -0.641264975070953
0.902292013168335 3.661020040512085 -0.620046973228455
0.896118998527527 3.655694961547852 -0.614207029342651
1.027181982994080 3.667006015777588 -0.492000997066498
0.894910991191864 3.670658111572266 -0.611769020557404
1.018944025039673 3.651702880859375 -0.486036986112595
1.088109016418457 3.676656961441040 -0.424291014671326
1.015661954879761 3.657655954360962 -0.481936991214752
1.073122024536133 3.642791986465454 -0.415533006191254
1.016558051109314 3.678769111633301 -0.479804009199142
1.064502000808716 3.630307912826538 -0.409280002117157
1.058503031730652 3.626672029495239 -0.404051005840302
1.055235028266907 3.632383108139038 -0.399863988161087
1.127639055252075 3.664181947708130 -0.339226007461548
0.807043015956879 3.679908990859985 -0.649415016174316
1.060690999031067 3.664860963821411 -0.399551004171371
1.118147969245911 3.649574041366577 -0.333052992820740
0.799039006233215 3.665291070938110 -0.641905009746552
1.112633943557739 3.647855997085571 -0.328083008527756
0.795345008373260 3.670367002487183 -0.637861013412476
1.111477017402649 3.657166004180908 -0.325062006711960
0.913415014743805 3.666706085205078 -0.504585981369019
0.902383029460907 3.641830921173096 -0.496318012475967
0.897742986679077 3.638690948486328 -0.492022007703781
0.892931997776031 3.638740062713623 -0.487197011709213
0.890215992927551 3.647356986999512 -0.483512014150620
0.889573991298676 3.664592027664185 -0.480940014123917
1.068451046943665 3.642739057540894 -0.286455988883972
1.061779975891113 3.633413076400757 -0.281917989253998
1.058933019638062 3.640523910522461 -0.277709007263184
0.741949021816254 3.652148962020874 -0.583959996700287
0.996038973331451 3.656094074249268 -0.337861001491547
1.061336040496826 3.665817022323608 -0.274848014116287
0.736666023731232 3.649420976638794 -0.578678011894226
0.989316999912262 3.645761966705322 -0.333083987236023
0.734897017478943 3.664166927337646 -0.576155006885529
0.984742999076843 3.646897077560425 -0.328411012887955
0.985884010791779 3.669292926788330 -0.325626999139786
0.910076975822449 3.646136999130249 -0.379087001085281
0.902608990669250 3.635493993759155 -0.373216986656189
0.780596971511841 3.672888994216919 -0.495694011449814
0.899146020412445 3.640945911407471 -0.369011014699936
0.773885011672974 3.663727045059204 -0.489636003971100
0.901050984859467 3.668288946151733 -0.366984009742737
0.770738005638123 3.671416997909546 -0.485835999250412
0.759032011032104 3.679342031478882 -0.473363995552063
0.748314976692200 3.650321006774902 -0.464846998453140
0.880025982856750 3.677427053451538 -0.344868004322052
0.742807984352112 3.646488904953003 -0.459585994482040
0.870889008045197 3.655317068099976 -0.338988006114960
0.739386975765228 3.652901887893677 -0.455615997314453
0.864058971405029 3.646766901016235 -0.333451002836227
0.739611029624939 3.672776937484741 -0.454255014657974
0.860239982604980 3.650887012481689 -0.329082995653152
0.861536026000977 3.676860094070435 -0.326649010181427
0.914839982986450 3.646526098251343 -0.260042995214462
0.906307995319366 3.631632089614868 -0.254283010959625
0.974301993846893 3.656267881393433 -0.192535996437073
0.902673006057739 3.632431983947754 -0.250582993030548
0.966022014617920 3.643368959426880 -0.187161996960640
0.901122987270355 3.645539045333862 -0.246777996420860
0.960702002048492 3.641540050506592 -0.182377994060516
0.903554022312164 3.674958944320679 -0.244025006890297
0.960443019866943 3.655267000198364 -0.179302006959915
0.756597995758057 3.642914056777954 -0.350318014621735
0.750609993934631 3.632191896438599 -0.345526993274689
0.745498001575470 3.630182027816772 -0.340642988681793
0.741186022758484 3.632045984268188 -0.336127012968063
0.738609015941620 3.642479896545410 -0.332390993833542
0.739582002162933 3.670644998550415 -0.330226987600327
0.928188025951385 3.676817893981934 -0.143555000424385
0.914689004421234 3.638536930084229 -0.138335004448891
0.907419025897980 3.628618955612183 -0.133316993713379
0.847432017326355 3.649148941040039 -0.193519994616508
0.905206024646759 3.638912916183472 -0.129043996334076
0.840021014213562 3.637691020965576 -0.188253000378609
0.908351004123688 3.670954942703247 -0.125490993261337
0.835991024971008 3.640815019607544 -0.183755993843079
0.834420979022980 3.654732942581177 -0.179783999919891
0.761451005935669 3.655956983566284 -0.230583995580673
0.752086997032166 3.633538007736206 -0.224524006247520
0.747138023376465 3.632291078567505 -0.219804003834724
0.744161009788513 3.640657901763916 -0.215661004185677
0.745190024375916 3.664186000823975 -0.213312998414040
0.770403981208801 3.674966096878052 -0.113416001200676
0.759535014629364 3.641051054000854 -0.108677998185158
0.752538979053497 3.629956960678101 -0.103748999536037
0.819658994674683 3.664304018020630 -0.040545001626015
0.747453987598419 3.627985954284668 -0.099099002778530
0.811394989490509 3.644256114959717 -0.036637999117374
0.744912028312683 3.638396024703979 -0.094779998064041
0.806016027927399 3.641292095184326 -0.032007999718189
0.747286975383759 3.668454885482788 -0.091851003468037
0.803726017475128 3.652314901351929 -0.027494000270963
0.766135990619659 3.644037008285522 0.007468999829143
0.756443977355957 3.620114088058472 0.011973000131547
0.751718997955322 3.619802951812744 0.016522999852896
0.749382972717285 3.626530885696411 0.020199999213219
0.745908021926880 3.632323980331421 0.024794999510050
0.744615018367767 3.648861885070801 0.029490999877453
1.564038991928101 3.656748056411743 -0.601540982723236
1.482076048851013 3.631356000900269 -0.659335970878601
1.548221945762634 3.632766962051392 -0.592503011226654
1.484205007553101 3.650091886520386 -0.657589018344879
1.545361995697021 3.639106988906860 -0.588441014289856
1.553421974182129 3.671277999877930 -0.588509976863861
1.343963027000427 3.631715059280396 -0.656427979469299
1.337785959243774 3.629407882690430 -0.650949001312256
1.336989998817444 3.638818025588989 -0.648581981658936
1.416107058525085 3.677258968353271 -0.588563024997711
1.343302011489868 3.670612096786499 -0.649142980575562
1.391345024108887 3.626878023147583 -0.575487017631531
1.381551980972290 3.615258932113647 -0.568652987480164
1.466897964477539 3.665235996246338 -0.510453999042511
1.381539940834045 3.629224061965942 -0.565846979618073
1.452252984046936 3.642194986343384 -0.502256989479065
1.381564021110535 3.643373966217041 -0.563036978244781
1.446264028549194 3.640754938125610 -0.497076988220215
1.382709026336670 3.657736063003540 -0.561231970787048
1.446670055389404 3.655442953109741 -0.494087994098663
1.382194042205811 3.670629024505615 -0.558167994022369
1.212911009788513 3.643537998199463 -0.655497014522552
1.206514954566956 3.639914989471436 -0.649825990200043
1.411885976791382 3.660437107086182 -0.460909008979797
1.202378988265991 3.639951944351196 -0.645820975303650
1.394245028495789 3.625746965408325 -0.452614009380341
1.202340960502625 3.655585050582886 -0.643564999103546
1.384564995765686 3.614366054534912 -0.446303993463516
1.382567048072815 3.623008966445923 -0.442476004362106
1.261255025863647 3.669883966445923 -0.571201026439667
1.388825058937073 3.653418064117432 -0.441258996725082
1.316707968711853 3.646231889724731 -0.501734018325806
1.241603970527649 3.627819061279297 -0.559709012508392
1.304520010948181 3.627001047134399 -0.494174003601074
1.231312036514282 3.612839937210083 -0.552479982376099
1.297883987426758 3.623090982437134 -0.488738000392914
1.226984977722168 3.615294933319092 -0.547939002513885
1.296715974807739 3.634457111358643 -0.485359013080597
1.230278968811035 3.637229919433594 -0.547312021255493
1.303753018379211 3.666018009185791 -0.485614001750946
1.237290978431702 3.673435926437378 -0.547775983810425
1.297202944755554 3.662415981292725 -0.480195999145508
1.294456958770752 3.669544935226440 -0.476186007261276
1.080574035644531 3.640662908554077 -0.652925014495850
1.075194001197815 3.639581918716431 -0.647765994071960
1.069502949714661 3.637414932250977 -0.642423987388611
1.067247986793518 3.643498897552490 -0.639532029628754
1.068235039710999 3.664201974868774 -0.638184010982513
1.255216002464294 3.659142017364502 -0.441453993320465
1.185528039932251 3.655013084411621 -0.501631021499634
1.237086057662964 3.621308088302612 -0.432051002979279
1.173452973365784 3.630395889282227 -0.494354993104935
1.229964017868042 3.612483978271484 -0.427141010761261
1.167356967926025 3.627325057983398 -0.489073991775513
1.226950049400330 3.618721008300781 -0.423052996397018
1.164533972740173 3.634423017501831 -0.485163003206253
1.231312990188599 3.646841049194336 -0.421483010053635
1.162896990776062 3.645281076431274 -0.481736004352570
1.238108038902283 3.676219940185547 -0.421943008899689
1.167796969413757 3.670321941375732 -0.482102006673813
1.298640012741089 3.664172887802124 -0.355426013469696
1.233456969261169 3.677864074707031 -0.417241007089615
1.286435961723328 3.644426107406616 -0.348688989877701
1.090842008590698 3.656800031661987 -0.535589993000031
1.221876025199890 3.658752918243408 -0.410212993621826
1.281908988952637 3.646336078643799 -0.344053000211716
0.957279026508331 3.659900903701782 -0.655851006507874
1.076997995376587 3.627239942550659 -0.526401996612549
1.220855951309204 3.668106079101562 -0.407366991043091
0.949877023696899 3.650557041168213 -0.649249017238617
1.069918036460876 3.620270967483521 -0.520546972751617
0.944312989711761 3.648196935653687 -0.643909990787506
1.068735957145691 3.629857063293457 -0.518043994903564
0.941982984542847 3.658353090286255 -0.640775024890900
1.070847988128662 3.654172897338867 -0.516633987426758
1.254330992698669 3.653527021408081 -0.316819012165070
1.063493013381958 3.677511930465698 -0.506211996078491
1.240831017494202 3.626163959503174 -0.310636997222900
1.049455046653748 3.646318912506104 -0.497069001197815
1.234487056732178 3.622591018676758 -0.305577993392944
1.042034983634949 3.637907981872559 -0.491088986396790
1.230744004249573 3.626633882522583 -0.301165997982025
0.917557001113892 3.671379089355469 -0.615469992160797
1.041412949562073 3.653247117996216 -0.488310992717743
1.226717948913574 3.629856109619141 -0.296680003404617
0.904289007186890 3.637896060943604 -0.604993999004364
1.223505020141602 3.635504961013794 -0.292385995388031
0.899240970611572 3.637278079986572 -0.600033998489380
1.161728024482727 3.653697967529297 -0.354658991098404
1.097867012023926 3.665321111679077 -0.416278004646301
1.227545976638794 3.659754037857056 -0.290508985519409
0.899603009223938 3.658638000488281 -0.598677992820740
1.149878978729248 3.632354021072388 -0.347820997238159
1.086994051933289 3.645823955535889 -0.409262001514435
1.143486976623535 3.628118991851807 -0.342658996582031
1.075567960739136 3.620902061462402 -0.402651995420456
1.140038967132568 3.629996061325073 -0.339031994342804
0.827062010765076 3.668412923812866 -0.650672018527985
1.070147991180420 3.619446992874146 -0.397731006145477
1.138260006904602 3.640439033508301 -0.335242986679077
0.819445013999939 3.656176090240479 -0.643624007701874
1.067814946174622 3.628451108932495 -0.393954992294312
1.142297983169556 3.669644117355347 -0.333133995532990
0.815568983554840 3.660563945770264 -0.639517009258270
1.073096990585327 3.663516998291016 -0.392953991889954
0.929551005363464 3.657907009124756 -0.502996981143951
0.919510006904602 3.637666940689087 -0.495420008897781
0.913666009902954 3.633886098861694 -0.490121990442276
0.909825026988983 3.638056039810181 -0.485900014638901
0.903711020946503 3.633116960525513 -0.480468004941940
0.904098987579346 3.650429010391235 -0.478924006223679
1.036959052085876 3.670541048049927 -0.357246994972229
1.090638041496277 3.642673015594482 -0.289902001619339
1.024047970771790 3.642416954040527 -0.349768012762070
1.078341007232666 3.618210077285767 -0.283264994621277
1.015745043754578 3.630475997924805 -0.343899011611938
1.072299957275391 3.614589929580688 -0.278299003839493
1.013221979141235 3.635605096817017 -0.340604990720749
1.069468021392822 3.618428945541382 -0.274848014116287
1.013201951980591 3.653358936309814 -0.337523996829987
1.070034027099609 3.637208938598633 -0.271571010351181
0.754647970199585 3.655714035034180 -0.578689992427826
1.138064980506897 3.654088973999023 -0.208544999361038
1.074990034103394 3.671139955520630 -0.269360005855560
0.746805012226105 3.636223077774048 -0.571781992912292
1.128432035446167 3.639287948608398 -0.203015998005867
0.742780029773712 3.639883995056152 -0.567578971385956
1.124567985534668 3.643023967742920 -0.198539003729820
0.741065979003906 3.654966115951538 -0.565137982368469
1.120627045631409 3.646526098251343 -0.194043993949890
0.930661976337433 3.666099071502686 -0.379442989826202
1.121734023094177 3.666546106338501 -0.190401002764702
0.796075999736786 3.652990102767944 -0.496601998806000
0.918927013874054 3.635246038436890 -0.372478008270264
0.789370000362396 3.644282102584839 -0.490664988756180
0.911171972751617 3.623791933059692 -0.366609007120132
0.787658989429474 3.654174089431763 -0.488187998533249
0.908201992511749 3.631325960159302 -0.362668991088867
0.908883988857269 3.653609037399292 -0.360168009996414
0.906989991664886 3.665704965591431 -0.356622993946075
0.900922000408173 3.656981945037842 -0.351996004581451
1.088124990463257 3.648272037506104 -0.163283005356789
0.892055988311768 3.640732049942017 -0.345732986927032
1.079054951667786 3.634519100189209 -0.158022999763489
0.768756985664368 3.674115896224976 -0.467932999134064
0.886502027511597 3.637872934341431 -0.340770989656448
1.076578974723816 3.642939090728760 -0.153738006949425
0.755954980850220 3.635742902755737 -0.458332985639572
0.883768022060394 3.646608114242554 -0.336890995502472
0.749580025672913 3.627969980239868 -0.452654987573624
0.886406004428864 3.673645973205566 -0.335606008768082
1.008154034614563 3.653348922729492 -0.209830999374390
0.744378983974457 3.625799894332886 -0.447694003582001
0.997564971446991 3.632776021957397 -0.204005002975464
0.743031024932861 3.637801885604858 -0.445414006710052
0.991439998149872 3.628317117691040 -0.199119001626968
0.933856010437012 3.655309915542603 -0.261364996433258
0.743996977806091 3.666024923324585 -0.444133996963501
0.988089025020599 3.630399942398071 -0.195525005459785
0.919996023178101 3.620033979415894 -0.254207998514175
0.988138020038605 3.648658037185669 -0.191853001713753
0.913571000099182 3.613775014877319 -0.249145999550819
0.910175979137421 3.619482994079590 -0.244911998510361
0.913098990917206 3.646603107452393 -0.243020996451378
0.774630010128021 3.651809930801392 -0.352272003889084
0.765477001667023 3.631124019622803 -0.345627009868622
0.759423017501831 3.624953031539917 -0.340400993824005
0.755153000354767 3.627259016036987 -0.335981011390686
0.751828014850616 3.629553079605103 -0.332484006881714
0.748372972011566 3.635842084884644 -0.328418999910355
0.877674996852875 3.656761884689331 -0.207378000020981
0.936936020851135 3.651386976242065 -0.142812997102737
0.746430993080139 3.649595975875854 -0.325004994869232
0.867184996604919 3.633137941360474 -0.201425999403000
0.925440013408661 3.625452995300293 -0.137209996581078
0.746842980384827 3.675095081329346 -0.322591990232468
0.862114012241364 3.628009080886841 -0.197459995746613
0.919856011867523 3.618711948394775 -0.133293002843857
0.858335018157959 3.632354974746704 -0.193092003464699
0.916517019271851 3.624596118927002 -0.128927007317543
0.857195973396301 3.647973060607910 -0.189300000667572
0.918479025363922 3.651597976684570 -0.125274002552032
0.969514012336731 3.647680997848511 -0.052266001701355
0.962800025939941 3.640754938125610 -0.047586999833584
0.958959996700287 3.640965938568115 -0.043928001075983
0.766514003276825 3.634068012237549 -0.225382000207901
0.959213018417358 3.660499095916748 -0.039563000202179
0.759135007858276 3.621552944183350 -0.220026999711990
0.753974020481110 3.619515895843506 -0.215330004692078
0.750967979431152 3.627852916717529 -0.211245000362396
0.942279994487762 3.651664972305298 -0.025716999545693
0.749890029430389 3.641027927398682 -0.208336994051933
0.933385014533997 3.632198095321655 -0.021936999633908
0.749430000782013 3.662003993988037 -0.204918995499611
0.928465008735657 3.631870985031128 -0.017382999882102
0.925125002861023 3.637739896774292 -0.012853999622166
0.928276002407074 3.669313907623291 -0.008372000418603
0.846800029277802 3.659533977508545 -0.055610999464989
0.785094976425171 3.674422979354858 -0.115676000714302
0.836431980133057 3.635416030883789 -0.050694998353720
0.771385014057159 3.632493019104004 -0.109802998602390
0.830654025077820 3.631071090698242 -0.046091999858618
0.763391017913818 3.617116928100586 -0.104808002710342
0.827841997146606 3.639699935913086 -0.041650999337435
0.758689999580383 3.617235898971558 -0.100282996892929
0.829953014850616 3.670191049575806 -0.037413999438286
0.756150007247925 3.627701997756958 -0.096033997833729
0.757566988468170 3.657397985458374 -0.092246003448963
0.786222994327545 3.663577079772949 0.002838999964297
0.775413990020752 3.630892038345337 0.006426999811083
0.767446994781494 3.615684032440186 0.010893999598920
0.762726008892059 3.615669012069702 0.015386999584734
0.758278012275696 3.616940975189209 0.019884999841452
0.757125973701477 3.634033918380737 0.024491000920534
0.761222004890442 3.672055959701538 0.028393000364304
0.807986974716187 3.671914100646973 0.105855002999306
0.800019025802612 3.657418012619019 0.109963998198509
0.795256018638611 3.657478094100952 0.114491000771523
0.791606009006500 3.662678003311157 0.119184002280235
0.784038007259369 3.645257949829102 0.122222997248173
0.778042018413544 3.639441967010498 0.126526996493340
0.773828983306885 3.641936063766479 0.131114006042480
0.773901998996735 3.664737939834595 0.136462002992630
1.512959003448486 3.653012990951538 -0.659277021884918
1.369384050369263 3.626966953277588 -0.656327009201050
1.367879986763000 3.637099981307983 -0.653043985366821
1.371909022331238 3.662061929702759 -0.652379989624023
1.395436048507690 3.646708011627197 -0.549732983112335
1.380761981010437 3.622204065322876 -0.541031002998352
1.378787040710449 3.628145933151245 -0.537909984588623
1.241227030754089 3.631763935089111 -0.658766984939575
1.383716940879822 3.655149936676025 -0.536872029304504
1.234341979026794 3.623718023300171 -0.653268992900848
1.227628946304321 3.619143009185791 -0.647408008575439
1.223516941070557 3.622211933135986 -0.642921984195709
1.212103009223938 3.603579044342041 -0.634612977504730
1.213600039482117 3.623313903808594 -0.633064985275269
1.226279973983765 3.673609018325806 -0.637782990932465
1.352710008621216 3.668879032135010 -0.504633009433746
1.337406039237976 3.641628980636597 -0.495907008647919
1.330935955047607 3.635427951812744 -0.491091996431351
1.330101966857910 3.647500038146973 -0.487747013568878
1.115246057510376 3.652559995651245 -0.659003019332886
1.244493007659912 3.644037961959839 -0.533169984817505
1.108469009399414 3.643621921539307 -0.653374016284943
1.231884956359863 3.622150897979736 -0.525026023387909
1.102908015251160 3.641952037811279 -0.648061990737915
1.225924968719482 3.619690895080566 -0.519738018512726
1.098875999450684 3.645318031311035 -0.643648982048035
1.224647998809814 3.631079912185669 -0.516430974006653
1.097206950187683 3.656570911407471 -0.640615999698639
1.229326009750366 3.657198905944824 -0.516167998313904
1.085132956504822 3.663549900054932 -0.627785980701447
1.215113997459412 3.660953998565674 -0.501797020435333
1.071795940399170 3.635441064834595 -0.617999970912933
1.201218962669373 3.634481906890869 -0.493247985839844
1.065119981765747 3.629745006561279 -0.612075984477997
1.195201039314270 3.628603935241699 -0.488523989915848
1.062049031257629 3.636320114135742 -0.608226001262665
1.194509983062744 3.642014980316162 -0.485408991575241
1.064339041709900 3.657924890518188 -0.607854008674622
1.201068043708801 3.677717924118042 -0.485204011201859
1.247405052185059 3.654803991317749 -0.407750010490417
0.983435988426208 3.662195920944214 -0.653324007987976
1.233307957649231 3.628479003906250 -0.399955987930298
0.978106975555420 3.657108068466187 -0.648433029651642
1.226876974105835 3.624562025070190 -0.394677996635437
0.974005997180939 3.660294055938721 -0.644019007682800
1.226009964942932 3.634074926376343 -0.391829997301102
0.972836971282959 3.674566984176636 -0.641538023948669
1.229732990264893 3.660342931747437 -0.389775991439819
1.086681962013245 3.652163028717041 -0.504621028900146
1.072862982749939 3.622440099716187 -0.495649993419647
1.067201972007751 3.620094060897827 -0.490473985671997
1.062126040458679 3.619702100753784 -0.485570996999741
1.057855963706970 3.622050046920776 -0.481038004159927
1.057679057121277 3.635061025619507 -0.478877007961273
1.065410017967224 3.678905963897705 -0.479739010334015
1.191290974617004 3.664779901504517 -0.352261006832123
1.178485989570618 3.640954017639160 -0.345151990652084
1.172548055648804 3.635086059570312 -0.340750992298126
0.853534996509552 3.657613039016724 -0.649802982807159
1.169221997261047 3.640429973602295 -0.336443006992340
0.848040997982025 3.650650978088379 -0.644631981849670
0.916917026042938 3.679955959320068 -0.584891021251678
1.171586036682129 3.663594961166382 -0.333748012781143
0.843560993671417 3.652179956436157 -0.639986991882324
0.904545009136200 3.649864912033081 -0.575218021869659
0.842267990112305 3.667587041854858 -0.637755990028381
0.899712979793549 3.646069049835205 -0.570716023445129
0.900035977363586 3.667191982269287 -0.569118022918701
1.091711044311523 3.672666072845459 -0.380654990673065
0.954122006893158 3.657955884933472 -0.498629987239838
1.073990941047668 3.629741907119751 -0.371416002511978
0.945114016532898 3.642155885696411 -0.491636991500854
1.066552996635437 3.617963075637817 -0.366394013166428
0.939737975597382 3.640244007110596 -0.486546993255615
1.062659978866577 3.621515035629272 -0.361981987953186
0.938175022602081 3.649337053298950 -0.483889997005463
1.058367013931274 3.623713970184326 -0.357432007789612
0.938346982002258 3.669102907180786 -0.481649994850159
1.054916024208069 3.628815889358521 -0.353163003921509
0.936092019081116 3.679522037506104 -0.478147000074387
1.050482034683228 3.630547046661377 -0.348560988903046
0.735979020595551 3.648313045501709 -0.656009018421173
1.045387983322144 3.629987001419067 -0.343742012977600
0.732532978057861 3.654808998107910 -0.652294993400574
1.041612029075623 3.630568027496338 -0.339987993240356
0.729560971260071 3.663750886917114 -0.649001002311707
0.916665971279144 3.660773992538452 -0.461201012134552
1.040078997612000 3.642442941665649 -0.336326003074646
0.727824985980988 3.679033994674683 -0.646803975105286
0.905812978744507 3.632891893386841 -0.453855991363525
1.041676998138428 3.665433883666992 -0.333649009466171
0.899850010871887 3.628350019454956 -0.448507010936737
0.900179982185364 3.649250030517578 -0.446287006139755
1.082473039627075 3.641285896301270 -0.253504991531372
0.829276978969574 3.663474082946777 -0.498549014329910
1.072098970413208 3.622970104217529 -0.247519999742508
0.822723984718323 3.655769109725952 -0.492686986923218
1.067628026008606 3.621166944503784 -0.243633002042770
0.818018019199371 3.656210899353027 -0.487937003374100
1.064906954765320 3.628653049468994 -0.239426001906395
0.754306018352509 3.665734052658081 -0.548653006553650
0.815760016441345 3.667644977569580 -0.484643012285233
1.065350055694580 3.647023916244507 -0.235908001661301
0.743618011474609 3.636805057525635 -0.539530992507935
0.740011990070343 3.637685060501099 -0.535830020904541
0.737321972846985 3.647775888442993 -0.532518029212952
0.921670019626617 3.636063098907471 -0.345701992511749
0.913619995117188 3.623322963714600 -0.339774012565613
0.908327996730804 3.621428966522217 -0.334886997938156
0.903692007064819 3.622124910354614 -0.330244004726410
0.901076972484589 3.627078056335449 -0.326927989721298
1.036605000495911 3.660424947738647 -0.205530002713203
0.906450986862183 3.668294906616211 -0.325883001089096
1.025977969169617 3.640214920043945 -0.199700996279716
1.018879055976868 3.632369995117188 -0.194590002298355
1.015429019927979 3.637509107589722 -0.190181002020836
1.018509030342102 3.662641048431396 -0.187723994255066
0.753325998783112 3.652990102767944 -0.423539996147156
0.746613979339600 3.643404960632324 -0.417697995901108
0.742769002914429 3.647762060165405 -0.413464993238449
0.743882000446320 3.671958923339844 -0.412400007247925
0.800028979778290 3.653084039688110 -0.346756011247635
0.926235020160675 3.655666112899780 -0.223744004964828
0.792873978614807 3.642138004302979 -0.341013014316559
0.914291977882385 3.627510070800781 -0.217361003160477
0.788577020168304 3.644252061843872 -0.336508005857468
0.908174991607666 3.622281074523926 -0.212397992610931
0.787015974521637 3.659099102020264 -0.333160996437073
0.908185005187988 3.637687921524048 -0.209567993879318
0.908215999603271 3.657195091247559 -0.206003993749619
0.900820970535278 3.646826028823853 -0.200746998190880
0.892911970615387 3.634238958358765 -0.195401996374130
0.767768979072571 3.653673887252808 -0.314799010753632
0.889405012130737 3.639518976211548 -0.191029995679855
0.756762981414795 3.623718023300171 -0.307561993598938
0.891618013381958 3.668370962142944 -0.187854006886482
0.750585973262787 3.616636991500854 -0.302318990230560
0.746904015541077 3.621551990509033 -0.298083990812302
0.741905987262726 3.620088100433350 -0.293323993682861
0.740800976753235 3.633086919784546 -0.290654003620148
0.935611009597778 3.670674085617065 -0.106457002460957
0.744068026542664 3.672447919845581 -0.289101988077164
0.921041011810303 3.632364988327026 -0.100727997720242
0.914035975933075 3.623626947402954 -0.095881998538971
0.911557972431183 3.632824897766113 -0.091512002050877
0.914174973964691 3.662514925003052 -0.087613001465797
0.786731004714966 3.675829887390137 -0.207558006048203
0.775029003620148 3.643286943435669 -0.201083004474640
0.767652988433838 3.630785942077637 -0.195775002241135
0.762112975120544 3.626853942871094 -0.190953001379967
0.757857024669647 3.624506950378418 -0.187145993113518
0.752438008785248 3.621047019958496 -0.182370007038116
0.747682988643646 3.620743036270142 -0.177760004997253
0.743830978870392 3.624823093414307 -0.173363998532295
0.746495008468628 3.660897016525269 -0.170450001955032
0.871142029762268 3.655735015869141 -0.047662001103163
0.861729025840759 3.636229038238525 -0.042817998677492
0.857275009155273 3.637532949447632 -0.038244999945164
0.854743003845215 3.647041082382202 -0.033746000379324
0.765380978584290 3.637803077697754 -0.070956997573376
0.757336020469666 3.621857881546021 -0.066087000072002
0.752278983592987 3.620079994201660 -0.061498999595642
0.748025000095367 3.622152090072632 -0.056979998946190
0.745140016078949 3.630909919738770 -0.052554000169039
0.741383016109467 3.635488986968994 -0.048053000122309
0.737001001834869 3.632400989532471 -0.044362999498844
0.734243988990784 3.641978025436401 -0.039907999336720
0.734907984733582 3.668745040893555 -0.035599000751972
0.775619983673096 3.663151025772095 0.046124998480082
0.763406991958618 3.627624988555908 0.050213001668453
0.756623029708862 3.617609024047852 0.054595999419689
0.754215002059937 3.624000072479248 0.058315001428127
0.753723978996277 3.644248962402344 0.063193000853062
0.755463004112244 3.675590991973877 0.068325996398926
1.562765955924988 3.632504940032959 -0.657118976116180
1.557376980781555 3.632936000823975 -0.652025997638702
1.550263047218323 3.629311084747314 -0.646218001842499
1.548293948173523 3.637727975845337 -0.642553985118866
1.559134960174561 3.676389932632446 -0.644173026084900
1.428720951080322 3.634018898010254 -0.659455001354218
1.428841948509216 3.648138999938965 -0.656877994537354
1.399304032325745 3.638835906982422 -0.630689024925232
1.386942028999329 3.620589017868042 -0.622464001178741
1.380347013473511 3.617295980453491 -0.616846978664398
1.385951042175293 3.646045923233032 -0.616665005683899
1.291771054267883 3.633589982986450 -0.656130015850067
1.285696029663086 3.631264925003052 -0.650651991367340
1.286327958106995 3.644942045211792 -0.649044990539551
1.404551982879639 3.632518053054810 -0.509967029094696
1.392650008201599 3.612719058990479 -0.503225982189178
1.388772964477539 3.616429090499878 -0.498791009187698
1.386577963829041 3.624545097351074 -0.494953006505966
1.266083002090454 3.674381971359253 -0.624756991863251
1.385303974151611 3.635119915008545 -0.491432011127472
1.247799992561340 3.636426925659180 -0.613286018371582
1.391998052597046 3.666748046875000 -0.490705013275146
1.237010002136230 3.620059967041016 -0.605536997318268
1.231842041015625 3.620060920715332 -0.600555002689362
1.232910990715027 3.635389089584351 -0.599098980426788
1.240278005599976 3.672533988952637 -0.600176990032196
1.159819006919861 3.638963937759399 -0.653819978237152
1.154765963554382 3.639173984527588 -0.648844003677368
1.151839971542358 3.642858028411865 -0.645489990711212
1.154929041862488 3.668915987014771 -0.645063996315002
1.274036049842834 3.658477067947388 -0.508123993873596
1.258710026741028 3.629343032836914 -0.499155998229980
1.249616026878357 3.617994070053101 -0.492695003747940
1.243123054504395 3.614094018936157 -0.487273991107941
1.238085985183716 3.614391088485718 -0.482428997755051
1.234431982040405 3.615720033645630 -0.478702008724213
1.231076002120972 3.617923021316528 -0.475089013576508
1.231822967529297 3.635262012481689 -0.472467005252838
1.240628957748413 3.673531055450439 -0.473484992980957
1.036226987838745 3.658365964889526 -0.656072974205017
1.030933022499084 3.653841972351074 -0.651275992393494
1.096825957298279 3.666127920150757 -0.588541984558105
1.028126001358032 3.661690950393677 -0.647687971591949
1.081401944160461 3.631375074386597 -0.578042984008789
1.075152993202209 3.627230882644653 -0.572475016117096
1.070238947868347 3.627552032470703 -0.567622005939484
1.071486949920654 3.648843050003052 -0.566025972366333
1.133738040924072 3.645653009414673 -0.501763999462128
1.123150944709778 3.627831935882568 -0.494441986083984
1.118394017219543 3.628748893737793 -0.489701986312866
1.113065958023071 3.624516963958740 -0.485246986150742
1.246373057365417 3.635238885879517 -0.361369997262955
1.108643054962158 3.626483917236328 -0.480657994747162
1.236297011375427 3.620768070220947 -0.355131000280380
1.108131051063538 3.641305923461914 -0.477755010128021
1.231217026710510 3.620851993560791 -0.350342988967896
1.228433966636658 3.627701997756958 -0.346204996109009
0.907773971557617 3.644226074218750 -0.655839979648590
1.225631952285767 3.631505012512207 -0.342727005481720
0.900309979915619 3.633852958679199 -0.649066984653473
1.226616978645325 3.649631023406982 -0.339617013931274
0.897071003913879 3.636533021926880 -0.645622014999390
1.084275960922241 3.625441074371338 -0.457304000854492
0.893420994281769 3.641530036926270 -0.641601979732513
1.074079990386963 3.607970952987671 -0.450302004814148
0.894517004489899 3.666011095046997 -0.640981972217560
1.069847941398621 3.610441923141479 -0.445813000202179
1.067124962806702 3.618037939071655 -0.441947996616364
1.069062948226929 3.641562938690186 -0.439992994070053
1.007745981216431 3.660442113876343 -0.502113997936249
0.997846007347107 3.642462968826294 -0.494805008172989
0.992567002773285 3.641232967376709 -0.489802986383438
0.995792984962463 3.667668104171753 -0.489464998245239
1.114176034927368 3.665697097778320 -0.354588985443115
0.916621029376984 3.656364917755127 -0.537633001804352
1.100880980491638 3.635128021240234 -0.347813993692398
0.907365977764130 3.638897895812988 -0.530233979225159
1.093647003173828 3.627712965011597 -0.342346996068954
0.904452979564667 3.642864942550659 -0.526947021484375
1.089025974273682 3.628922939300537 -0.337704986333847
0.777073979377747 3.666482925415039 -0.648140013217926
0.904039025306702 3.660923957824707 -0.524708986282349
1.083803057670593 3.628108978271484 -0.332879990339279
0.772792994976044 3.664453029632568 -0.643872976303101
1.076132059097290 3.619036912918091 -0.327313005924225
0.770960986614227 3.678663969039917 -0.641470015048981
1.071647047996521 3.617285966873169 -0.323372989892960
1.070111036300659 3.628861904144287 -0.319669008255005
1.071606040000916 3.650856018066406 -0.316841989755630
0.753957986831665 3.666311979293823 -0.624697983264923
0.882890999317169 3.670488119125366 -0.502803027629852
0.745038986206055 3.646140098571777 -0.616424977779388
0.874872028827667 3.657387971878052 -0.496190994977951
0.740828990936279 3.644188880920410 -0.612232029438019
0.868803977966309 3.652327060699463 -0.490698009729385
0.740423977375031 3.665760993957520 -0.611003994941711
0.868663012981415 3.672243118286133 -0.488545000553131
0.928426027297974 3.666969060897827 -0.423667013645172
0.914950013160706 3.632940053939819 -0.414981991052628
0.908671975135803 3.623403072357178 -0.410102993249893
0.975488007068634 3.647053956985474 -0.348699003458023
0.906943023204803 3.635875940322876 -0.406765997409821
0.966769993305206 3.632745027542114 -0.342604011297226
0.911301970481873 3.673001050949097 -0.406125992536545
0.963841021060944 3.636441946029663 -0.339170008897781
0.964148998260498 3.656141996383667 -0.336257994174957
1.088562965393066 3.644277095794678 -0.210767000913620
1.077797055244446 3.624794006347656 -0.204967007040977
1.073431015014648 3.623405933380127 -0.201153993606567
0.765439987182617 3.675029039382935 -0.510990977287292
1.068683028221130 3.624043941497803 -0.196523994207382
0.754344999790192 3.640044927597046 -0.502318978309631
1.065637946128845 3.630471944808960 -0.192202001810074
0.748013973236084 3.632410049438477 -0.496520996093750
1.067489981651306 3.653707027435303 -0.188734993338585
0.743263006210327 3.632380962371826 -0.491775989532471
0.739956974983215 3.639436960220337 -0.487985998392105
0.931365013122559 3.658169031143188 -0.304233998060226
0.740069985389709 3.663496971130371 -0.486438989639282
0.918187022209167 3.625415086746216 -0.296829998493195
0.912554025650024 3.618417978286743 -0.292524009943008
0.911477029323578 3.633351087570190 -0.289047986268997
0.851191997528076 3.657768964767456 -0.349375993013382
0.915929019451141 3.670579910278320 -0.287283003330231
0.843316972255707 3.640458106994629 -0.343962997198105
0.838209986686707 3.639151096343994 -0.339145004749298
0.836260974407196 3.651597023010254 -0.335597991943359
0.837495028972626 3.678154945373535 -0.333301991224289
0.961203992366791 3.666351079940796 -0.208307996392250
0.768197000026703 3.659145116806030 -0.390572011470795
0.948558986186981 3.632936000823975 -0.202690005302429
0.758023023605347 3.633296012878418 -0.383125990629196
0.942083001136780 3.626691102981567 -0.197703003883362
0.753844976425171 3.631450891494751 -0.379186987876892
0.938073992729187 3.629909992218018 -0.193239003419876
0.749212026596069 3.631967067718506 -0.374563992023468
0.939284980297089 3.653446912765503 -0.189825996756554
0.746389985084534 3.641304969787598 -0.370840996503830
0.933004021644592 3.647922039031982 -0.184882998466492
0.745819985866547 3.661799907684326 -0.368220001459122
0.923053026199341 3.624109983444214 -0.179977998137474
0.916523993015289 3.617376089096069 -0.175033003091812
0.915726006031036 3.633290052413940 -0.171175003051758
0.921541988849640 3.675739049911499 -0.168495997786522
0.776853024959564 3.674216032028198 -0.274572014808655
0.837477982044220 3.675667047500610 -0.210556998848915
0.763836026191711 3.635092020034790 -0.267013996839523
0.826927006244659 3.650404930114746 -0.204468995332718
0.755703985691071 3.618853092193604 -0.261211991310120
0.819067001342773 3.632550001144409 -0.199775993824005
0.750890970230103 3.618386983871460 -0.256572008132935
0.814077973365784 3.631558895111084 -0.195109993219376
0.748857975006104 3.631382942199707 -0.252873986959457
0.812004029750824 3.643616914749146 -0.191133007407188
0.939930021762848 3.653911113739014 -0.067754000425339
0.751169979572296 3.661079883575439 -0.251219004392624
0.814534008502960 3.676582098007202 -0.188199996948242
0.927899003028870 3.622104883193970 -0.063505001366138
0.921552002429962 3.616064071655273 -0.058834999799728
0.918022990226746 3.621062040328979 -0.054349001497030
0.914997994899750 3.628097057342529 -0.049880001693964
0.911395013332367 3.632889032363892 -0.045368999242783
0.907422006130219 3.636231899261475 -0.040830999612808
0.907491981983185 3.651993989944458 -0.037330999970436
0.777516007423401 3.656131982803345 -0.155700996518135
0.766206026077271 3.620701074600220 -0.150536000728607
0.759566009044647 3.611556053161621 -0.145601004362106
0.754803001880646 3.611258983612061 -0.141036003828049
0.752501010894775 3.622797012329102 -0.136922001838684
0.752696990966797 3.646564006805420 -0.133229002356529
0.755061984062195 3.676539897918701 -0.130621999502182
0.794129014015198 3.645831108093262 -0.052030000835657
0.785353004932404 3.627254962921143 -0.047217998653650
0.780079007148743 3.620326995849609 -0.043499000370502
0.774206995964050 3.614928007125854 -0.038906000554562
0.769626021385193 3.615513086318970 -0.034386999905109
0.764025986194611 3.611270904541016 -0.029828000813723
0.759496986865997 3.612061023712158 -0.025318000465631
0.755941987037659 3.617503881454468 -0.020834000781178
0.757368981838226 3.642443895339966 -0.017336999997497
0.749397993087769 3.672841072082520 -0.003725999966264
0.783948004245758 3.656045913696289 0.081505998969078
0.774590015411377 3.634421110153198 0.085542999207973
0.769735991954803 3.633785009384155 0.090044997632504
0.766098976135254 3.638907909393311 0.094692997634411
0.761703014373779 3.635945081710815 0.098228998482227
0.758680999279022 3.644068956375122 0.102973997592926
0.754278004169464 3.645608901977539 0.107542999088764
0.750720977783203 3.651268959045410 0.112240999937057
0.748884975910187 3.665411949157715 0.117222003638744